date_time,maxtempC,mintempC,totalSnow_cm,sunHour,uvIndex,moon_illumination,moonrise,moonset,sunrise,sunset,DewPointC,FeelsLikeC,HeatIndexC,WindChillC,WindGustKmph,cloudcover,humidity,precipMM,pressure,tempC,visibility,winddirDegree,windspeedKmph,location
2018-01-01 00:00:00,-8,-13,0.0,8.7,2,97,05:39 PM,07:34 AM,08:21 AM,05:44 PM,-19,-19,-12,-19,18,0,59,0.0,1028,-12,10,319,14,"trenton,nj"
2018-01-01 01:00:00,-8,-13,0.0,8.7,2,97,05:39 PM,07:34 AM,08:21 AM,05:44 PM,-19,-19,-12,-19,20,0,59,0.0,1029,-12,10,319,14,"trenton,nj"
2018-01-01 02:00:00,-8,-13,0.0,8.7,2,97,05:39 PM,07:34 AM,08:21 AM,05:44 PM,-19,-20,-12,-20,21,0,59,0.0,1029,-13,10,318,15,"trenton,nj"
2018-01-01 03:00:00,-8,-13,0.0,8.7,2,97,05:39 PM,07:34 AM,08:21 AM,05:44 PM,-19,-20,-13,-20,22,0,59,0.0,1029,-13,10,318,15,"trenton,nj"
2018-01-01 04:00:00,-8,-13,0.0,8.7,2,97,05:39 PM,07:34 AM,08:21 AM,05:44 PM,-19,-20,-13,-20,20,0,60,0.0,1029,-13,10,312,14,"trenton,nj"
2018-01-01 05:00:00,-8,-13,0.0,8.7,2,97,05:39 PM,07:34 AM,08:21 AM,05:44 PM,-19,-20,-13,-20,17,0,60,0.0,1030,-13,10,305,13,"trenton,nj"
2018-01-01 06:00:00,-8,-13,0.0,8.7,2,97,05:39 PM,07:34 AM,08:21 AM,05:44 PM,-19,-19,-13,-19,15,0,61,0.0,1030,-13,10,298,12,"trenton,nj"
2018-01-01 07:00:00,-8,-13,0.0,8.7,2,97,05:39 PM,07:34 AM,08:21 AM,05:44 PM,-19,-19,-12,-19,17,1,57,0.0,1030,-13,10,304,14,"trenton,nj"
2018-01-01 08:00:00,-8,-13,0.0,8.7,2,97,05:39 PM,07:34 AM,08:21 AM,05:44 PM,-19,-19,-12,-19,18,1,54,0.0,1031,-12,10,309,15,"trenton,nj"
2018-01-01 09:00:00,-8,-13,0.0,8.7,2,97,05:39 PM,07:34 AM,08:21 AM,05:44 PM,-19,-18,-11,-18,20,2,50,0.0,1031,-11,10,314,16,"trenton,nj"
2018-01-01 10:00:00,-8,-13,0.0,8.7,2,97,05:39 PM,07:34 AM,08:21 AM,05:44 PM,-19,-17,-10,-17,19,1,47,0.0,1030,-10,10,312,16,"trenton,nj"
2018-01-01 11:00:00,-8,-13,0.0,8.7,2,97,05:39 PM,07:34 AM,08:21 AM,05:44 PM,-19,-16,-9,-16,19,1,44,0.0,1030,-9,10,309,16,"trenton,nj"
2018-01-01 12:00:00,-8,-13,0.0,8.7,2,97,05:39 PM,07:34 AM,08:21 AM,05:44 PM,-19,-15,-8,-15,18,0,40,0.0,1029,-8,10,307,16,"trenton,nj"
2018-01-01 13:00:00,-8,-13,0.0,8.7,2,97,05:39 PM,07:34 AM,08:21 AM,05:44 PM,-19,-15,-8,-15,19,8,40,0.0,1030,-8,10,304,16,"trenton,nj"
2018-01-01 14:00:00,-8,-13,0.0,8.7,2,97,05:39 PM,07:34 AM,08:21 AM,05:44 PM,-19,-14,-8,-14,20,15,40,0.0,1030,-8,10,300,16,"trenton,nj"
2018-01-01 15:00:00,-8,-13,0.0,8.7,2,97,05:39 PM,07:34 AM,08:21 AM,05:44 PM,-19,-14,-8,-14,21,23,40,0.0,1030,-8,10,297,15,"trenton,nj"
2018-01-01 16:00:00,-8,-13,0.0,8.7,2,97,05:39 PM,07:34 AM,08:21 AM,05:44 PM,-18,-14,-8,-14,19,22,45,0.0,1030,-8,10,285,14,"trenton,nj"
2018-01-01 17:00:00,-8,-13,0.0,8.7,2,97,05:39 PM,07:34 AM,08:21 AM,05:44 PM,-17,-14,-9,-14,18,22,51,0.0,1030,-9,10,273,12,"trenton,nj"
2018-01-01 18:00:00,-8,-13,0.0,8.7,2,97,05:39 PM,07:34 AM,08:21 AM,05:44 PM,-16,-14,-9,-14,16,21,56,0.0,1030,-9,10,261,11,"trenton,nj"
2018-01-01 19:00:00,-8,-13,0.0,8.7,2,97,05:39 PM,07:34 AM,08:21 AM,05:44 PM,-16,-15,-9,-15,18,22,58,0.0,1030,-9,10,265,12,"trenton,nj"
2018-01-01 20:00:00,-8,-13,0.0,8.7,2,97,05:39 PM,07:34 AM,08:21 AM,05:44 PM,-15,-15,-9,-15,21,22,60,0.0,1031,-9,10,269,14,"trenton,nj"
2018-01-01 21:00:00,-8,-13,0.0,8.7,2,97,05:39 PM,07:34 AM,08:21 AM,05:44 PM,-15,-16,-9,-16,23,23,62,0.0,1031,-9,10,273,15,"trenton,nj"
2018-01-01 22:00:00,-8,-13,0.0,8.7,2,97,05:39 PM,07:34 AM,08:21 AM,05:44 PM,-15,-16,-9,-16,24,17,61,0.0,1031,-9,10,274,16,"trenton,nj"
2018-01-01 23:00:00,-8,-13,0.0,8.7,2,97,05:39 PM,07:34 AM,08:21 AM,05:44 PM,-16,-17,-10,-17,25,12,61,0.0,1031,-10,10,275,17,"trenton,nj"
2018-01-02 00:00:00,-5,-11,0.0,8.7,2,100,06:45 PM,08:38 AM,08:21 AM,05:45 PM,-16,-18,-10,-18,26,7,60,0.0,1030,-10,10,276,17,"trenton,nj"
2018-01-02 01:00:00,-5,-11,0.0,8.7,2,100,06:45 PM,08:38 AM,08:21 AM,05:45 PM,-16,-17,-10,-17,26,7,61,0.0,1031,-10,10,279,17,"trenton,nj"
2018-01-02 02:00:00,-5,-11,0.0,8.7,2,100,06:45 PM,08:38 AM,08:21 AM,05:45 PM,-16,-17,-10,-17,26,6,61,0.0,1031,-10,10,282,17,"trenton,nj"
2018-01-02 03:00:00,-5,-11,0.0,8.7,2,100,06:45 PM,08:38 AM,08:21 AM,05:45 PM,-16,-17,-10,-17,26,6,62,0.0,1032,-10,10,285,17,"trenton,nj"
2018-01-02 04:00:00,-5,-11,0.0,8.7,2,100,06:45 PM,08:38 AM,08:21 AM,05:45 PM,-16,-17,-10,-17,26,5,63,0.0,1032,-10,10,280,17,"trenton,nj"
2018-01-02 05:00:00,-5,-11,0.0,8.7,2,100,06:45 PM,08:38 AM,08:21 AM,05:45 PM,-16,-18,-11,-18,25,4,64,0.0,1032,-11,10,275,17,"trenton,nj"
2018-01-02 06:00:00,-5,-11,0.0,8.7,2,100,06:45 PM,08:38 AM,08:21 AM,05:45 PM,-16,-18,-11,-18,25,3,65,0.0,1032,-11,10,270,17,"trenton,nj"
2018-01-02 07:00:00,-5,-11,0.0,8.7,2,100,06:45 PM,08:38 AM,08:21 AM,05:45 PM,-16,-17,-10,-17,23,4,62,0.0,1032,-10,10,273,17,"trenton,nj"
2018-01-02 08:00:00,-5,-11,0.0,8.7,2,100,06:45 PM,08:38 AM,08:21 AM,05:45 PM,-15,-16,-9,-16,22,6,59,0.0,1032,-9,10,277,17,"trenton,nj"
2018-01-02 09:00:00,-5,-11,0.0,8.7,2,100,06:45 PM,08:38 AM,08:21 AM,05:45 PM,-15,-15,-8,-15,21,7,56,0.0,1033,-8,10,281,17,"trenton,nj"
2018-01-02 10:00:00,-5,-11,0.0,8.7,2,100,06:45 PM,08:38 AM,08:21 AM,05:45 PM,-15,-14,-7,-14,19,7,55,0.0,1032,-7,10,278,16,"trenton,nj"
2018-01-02 11:00:00,-5,-11,0.0,8.7,2,100,06:45 PM,08:38 AM,08:21 AM,05:45 PM,-14,-12,-6,-12,18,6,53,0.0,1031,-6,10,276,16,"trenton,nj"
2018-01-02 12:00:00,-5,-11,0.0,8.7,2,100,06:45 PM,08:38 AM,08:21 AM,05:45 PM,-14,-11,-5,-11,17,6,51,0.0,1031,-5,10,273,15,"trenton,nj"
2018-01-02 13:00:00,-5,-11,0.0,8.7,2,100,06:45 PM,08:38 AM,08:21 AM,05:45 PM,-14,-11,-5,-11,19,10,52,0.0,1030,-5,10,269,15,"trenton,nj"
2018-01-02 14:00:00,-5,-11,0.0,8.7,2,100,06:45 PM,08:38 AM,08:21 AM,05:45 PM,-14,-11,-6,-11,20,13,52,0.0,1030,-6,10,266,15,"trenton,nj"
2018-01-02 15:00:00,-5,-11,0.0,8.7,2,100,06:45 PM,08:38 AM,08:21 AM,05:45 PM,-14,-12,-6,-12,22,17,53,0.0,1029,-6,10,262,16,"trenton,nj"
2018-01-02 16:00:00,-5,-11,0.0,8.7,2,100,06:45 PM,08:38 AM,08:21 AM,05:45 PM,-13,-11,-6,-11,20,14,55,0.0,1029,-6,10,256,14,"trenton,nj"
2018-01-02 17:00:00,-5,-11,0.0,8.7,2,100,06:45 PM,08:38 AM,08:21 AM,05:45 PM,-13,-11,-6,-11,18,11,58,0.0,1029,-6,10,250,12,"trenton,nj"
2018-01-02 18:00:00,-5,-11,0.0,8.7,2,100,06:45 PM,08:38 AM,08:21 AM,05:45 PM,-13,-11,-6,-11,16,8,60,0.0,1029,-7,10,244,10,"trenton,nj"
2018-01-02 19:00:00,-5,-11,0.0,8.7,2,100,06:45 PM,08:38 AM,08:21 AM,05:45 PM,-13,-12,-7,-12,17,11,59,0.0,1029,-7,10,248,11,"trenton,nj"
2018-01-02 20:00:00,-5,-11,0.0,8.7,2,100,06:45 PM,08:38 AM,08:21 AM,05:45 PM,-14,-12,-7,-12,18,14,58,0.0,1029,-7,10,251,12,"trenton,nj"
2018-01-02 21:00:00,-5,-11,0.0,8.7,2,100,06:45 PM,08:38 AM,08:21 AM,05:45 PM,-14,-13,-7,-13,20,17,56,0.0,1029,-7,10,255,13,"trenton,nj"
2018-01-02 22:00:00,-5,-11,0.0,8.7,2,100,06:45 PM,08:38 AM,08:21 AM,05:45 PM,-14,-13,-7,-13,20,44,56,0.0,1029,-7,10,251,13,"trenton,nj"
2018-01-02 23:00:00,-5,-11,0.0,8.7,2,100,06:45 PM,08:38 AM,08:21 AM,05:45 PM,-15,-13,-8,-13,20,72,56,0.0,1029,-8,10,248,13,"trenton,nj"
2018-01-03 00:00:00,-2,-9,0.0,7.0,1,89,07:55 PM,09:34 AM,08:21 AM,05:46 PM,-15,-13,-8,-13,21,99,56,0.0,1029,-8,10,244,13,"trenton,nj"
2018-01-03 01:00:00,-2,-9,0.0,7.0,1,89,07:55 PM,09:34 AM,08:21 AM,05:46 PM,-15,-13,-8,-13,18,73,57,0.0,1029,-8,10,254,11,"trenton,nj"
2018-01-03 02:00:00,-2,-9,0.0,7.0,1,89,07:55 PM,09:34 AM,08:21 AM,05:46 PM,-15,-12,-8,-12,14,47,58,0.0,1028,-8,10,265,9,"trenton,nj"
2018-01-03 03:00:00,-2,-9,0.0,7.0,1,89,07:55 PM,09:34 AM,08:21 AM,05:46 PM,-14,-12,-8,-12,11,21,59,0.0,1028,-8,10,275,8,"trenton,nj"
2018-01-03 04:00:00,-2,-9,0.0,7.0,1,89,07:55 PM,09:34 AM,08:21 AM,05:46 PM,-14,-10,-8,-10,8,16,60,0.0,1028,-9,10,244,5,"trenton,nj"
2018-01-03 05:00:00,-2,-9,0.0,7.0,1,89,07:55 PM,09:34 AM,08:21 AM,05:46 PM,-14,-9,-8,-9,4,11,61,0.0,1028,-9,10,213,3,"trenton,nj"
2018-01-03 06:00:00,-2,-9,0.0,7.0,1,89,07:55 PM,09:34 AM,08:21 AM,05:46 PM,-14,-8,-8,-8,1,6,63,0.0,1028,-9,10,182,1,"trenton,nj"
2018-01-03 07:00:00,-2,-9,0.0,7.0,1,89,07:55 PM,09:34 AM,08:21 AM,05:46 PM,-14,-7,-7,-7,1,15,56,0.0,1028,-8,10,197,1,"trenton,nj"
2018-01-03 08:00:00,-2,-9,0.0,7.0,1,89,07:55 PM,09:34 AM,08:21 AM,05:46 PM,-15,-6,-6,-6,1,24,49,0.0,1028,-7,10,212,1,"trenton,nj"
2018-01-03 09:00:00,-2,-9,0.0,7.0,1,89,07:55 PM,09:34 AM,08:21 AM,05:46 PM,-16,-5,-5,-5,2,32,42,0.0,1028,-6,10,228,1,"trenton,nj"
2018-01-03 10:00:00,-2,-9,0.0,7.0,1,89,07:55 PM,09:34 AM,08:21 AM,05:46 PM,-16,-4,-4,-4,3,44,39,0.0,1027,-5,10,179,2,"trenton,nj"
2018-01-03 11:00:00,-2,-9,0.0,7.0,1,89,07:55 PM,09:34 AM,08:21 AM,05:46 PM,-16,-4,-3,-4,4,56,36,0.0,1026,-3,10,130,3,"trenton,nj"
2018-01-03 12:00:00,-2,-9,0.0,7.0,1,89,07:55 PM,09:34 AM,08:21 AM,05:46 PM,-16,-3,-2,-3,5,68,32,0.0,1025,-2,10,81,4,"trenton,nj"
2018-01-03 13:00:00,-2,-9,0.0,7.0,1,89,07:55 PM,09:34 AM,08:21 AM,05:46 PM,-16,-3,-2,-3,5,54,34,0.0,1024,-2,10,95,4,"trenton,nj"
2018-01-03 14:00:00,-2,-9,0.0,7.0,1,89,07:55 PM,09:34 AM,08:21 AM,05:46 PM,-15,-3,-2,-3,6,41,35,0.0,1023,-2,10,110,4,"trenton,nj"
2018-01-03 15:00:00,-2,-9,0.0,7.0,1,89,07:55 PM,09:34 AM,08:21 AM,05:46 PM,-14,-3,-2,-3,6,28,37,0.0,1022,-2,10,124,5,"trenton,nj"
2018-01-03 16:00:00,-2,-9,0.0,7.0,1,89,07:55 PM,09:34 AM,08:21 AM,05:46 PM,-13,-4,-2,-4,9,49,42,0.0,1022,-3,10,110,6,"trenton,nj"
2018-01-03 17:00:00,-2,-9,0.0,7.0,1,89,07:55 PM,09:34 AM,08:21 AM,05:46 PM,-13,-5,-3,-5,11,69,47,0.0,1022,-3,10,96,7,"trenton,nj"
2018-01-03 18:00:00,-2,-9,0.0,7.0,1,89,07:55 PM,09:34 AM,08:21 AM,05:46 PM,-12,-6,-3,-6,14,90,52,0.0,1022,-3,10,82,8,"trenton,nj"
2018-01-03 19:00:00,-2,-9,0.0,7.0,1,89,07:55 PM,09:34 AM,08:21 AM,05:46 PM,-11,-7,-3,-7,15,89,55,0.0,1020,-3,10,67,9,"trenton,nj"
2018-01-03 20:00:00,-2,-9,0.0,7.0,1,89,07:55 PM,09:34 AM,08:21 AM,05:46 PM,-10,-7,-3,-7,16,87,58,0.0,1019,-3,10,52,9,"trenton,nj"
2018-01-03 21:00:00,-2,-9,0.0,7.0,1,89,07:55 PM,09:34 AM,08:21 AM,05:46 PM,-9,-7,-3,-7,17,86,62,0.0,1017,-3,10,36,10,"trenton,nj"
2018-01-03 22:00:00,-2,-9,0.0,7.0,1,89,07:55 PM,09:34 AM,08:21 AM,05:46 PM,-9,-7,-3,-7,20,87,64,0.0,1016,-3,10,27,12,"trenton,nj"
2018-01-03 23:00:00,-2,-9,0.0,7.0,1,89,07:55 PM,09:34 AM,08:21 AM,05:46 PM,-8,-8,-3,-8,23,88,66,0.0,1014,-3,10,18,15,"trenton,nj"
2018-01-04 00:00:00,-3,-8,1.3,3.5,1,81,09:07 PM,10:22 AM,08:22 AM,05:47 PM,-8,-8,-3,-8,26,89,69,0.0,1012,-3,10,8,17,"trenton,nj"
2018-01-04 01:00:00,-3,-8,1.3,3.5,1,81,09:07 PM,10:22 AM,08:22 AM,05:47 PM,-8,-9,-3,-9,29,93,71,0.0,1010,-3,7,7,19,"trenton,nj"
2018-01-04 02:00:00,-3,-8,1.3,3.5,1,81,09:07 PM,10:22 AM,08:22 AM,05:47 PM,-8,-10,-4,-10,31,96,74,0.5,1008,-4,5,5,21,"trenton,nj"
2018-01-04 03:00:00,-3,-8,1.3,3.5,1,81,09:07 PM,10:22 AM,08:22 AM,05:47 PM,-8,-11,-4,-11,34,100,77,0.7,1006,-4,2,4,23,"trenton,nj"
2018-01-04 04:00:00,-3,-8,1.3,3.5,1,81,09:07 PM,10:22 AM,08:22 AM,05:47 PM,-7,-12,-5,-12,36,100,84,0.3,1004,-5,5,117,24,"trenton,nj"
2018-01-04 05:00:00,-3,-8,1.3,3.5,1,81,09:07 PM,10:22 AM,08:22 AM,05:47 PM,-7,-13,-5,-13,38,100,91,0.0,1002,-5,7,230,25,"trenton,nj"
2018-01-04 06:00:00,-3,-8,1.3,3.5,1,81,09:07 PM,10:22 AM,08:22 AM,05:47 PM,-6,-14,-6,-14,40,100,97,0.0,1001,-6,10,344,26,"trenton,nj"
2018-01-04 07:00:00,-3,-8,1.3,3.5,1,81,09:07 PM,10:22 AM,08:22 AM,05:47 PM,-6,-13,-5,-13,44,100,96,0.0,999,-5,7,343,29,"trenton,nj"
2018-01-04 08:00:00,-3,-8,1.3,3.5,1,81,09:07 PM,10:22 AM,08:22 AM,05:47 PM,-6,-13,-5,-13,47,100,95,2.8,998,-5,3,342,32,"trenton,nj"
2018-01-04 09:00:00,-3,-8,1.3,3.5,1,81,09:07 PM,10:22 AM,08:22 AM,05:47 PM,-5,-13,-5,-13,51,100,93,3.7,996,-4,0,341,35,"trenton,nj"
2018-01-04 10:00:00,-3,-8,1.3,3.5,1,81,09:07 PM,10:22 AM,08:22 AM,05:47 PM,-6,-13,-5,-13,50,100,92,1.8,996,-5,3,333,34,"trenton,nj"
2018-01-04 11:00:00,-3,-8,1.3,3.5,1,81,09:07 PM,10:22 AM,08:22 AM,05:47 PM,-6,-13,-5,-13,48,100,91,0.0,995,-5,7,325,34,"trenton,nj"
2018-01-04 12:00:00,-3,-8,1.3,3.5,1,81,09:07 PM,10:22 AM,08:22 AM,05:47 PM,-6,-13,-5,-13,47,100,90,0.0,995,-5,10,317,34,"trenton,nj"
2018-01-04 13:00:00,-3,-8,1.3,3.5,1,81,09:07 PM,10:22 AM,08:22 AM,05:47 PM,-7,-13,-5,-13,47,100,87,0.0,995,-5,7,315,34,"trenton,nj"
2018-01-04 14:00:00,-3,-8,1.3,3.5,1,81,09:07 PM,10:22 AM,08:22 AM,05:47 PM,-7,-13,-5,-13,48,100,85,0.4,996,-5,3,312,33,"trenton,nj"
2018-01-04 15:00:00,-3,-8,1.3,3.5,1,81,09:07 PM,10:22 AM,08:22 AM,05:47 PM,-7,-13,-5,-13,49,100,82,0.6,997,-5,0,309,33,"trenton,nj"
2018-01-04 16:00:00,-3,-8,1.3,3.5,1,81,09:07 PM,10:22 AM,08:22 AM,05:47 PM,-8,-13,-5,-13,42,100,81,0.3,998,-5,3,302,28,"trenton,nj"
2018-01-04 17:00:00,-3,-8,1.3,3.5,1,81,09:07 PM,10:22 AM,08:22 AM,05:47 PM,-9,-13,-6,-13,35,100,80,0.0,999,-6,7,294,22,"trenton,nj"
2018-01-04 18:00:00,-3,-8,1.3,3.5,1,81,09:07 PM,10:22 AM,08:22 AM,05:47 PM,-9,-12,-6,-12,28,100,78,0.0,1001,-6,10,287,17,"trenton,nj"
2018-01-04 19:00:00,-3,-8,1.3,3.5,1,81,09:07 PM,10:22 AM,08:22 AM,05:47 PM,-10,-14,-7,-14,34,93,76,0.0,1002,-7,10,290,21,"trenton,nj"
2018-01-04 20:00:00,-3,-8,1.3,3.5,1,81,09:07 PM,10:22 AM,08:22 AM,05:47 PM,-11,-16,-8,-16,39,86,74,0.0,1003,-8,10,292,24,"trenton,nj"
2018-01-04 21:00:00,-3,-8,1.3,3.5,1,81,09:07 PM,10:22 AM,08:22 AM,05:47 PM,-12,-17,-8,-17,45,80,72,0.0,1004,-8,10,295,28,"trenton,nj"
2018-01-04 22:00:00,-3,-8,1.3,3.5,1,81,09:07 PM,10:22 AM,08:22 AM,05:47 PM,-13,-18,-9,-18,41,55,73,0.0,1005,-9,10,289,25,"trenton,nj"
2018-01-04 23:00:00,-3,-8,1.3,3.5,1,81,09:07 PM,10:22 AM,08:22 AM,05:47 PM,-14,-18,-10,-18,37,31,74,0.0,1006,-10,10,283,23,"trenton,nj"
2018-01-05 00:00:00,-9,-13,0.0,3.5,2,74,10:16 PM,11:04 AM,08:21 AM,05:48 PM,-14,-19,-11,-19,32,7,74,0.0,1006,-11,10,278,20,"trenton,nj"
2018-01-05 01:00:00,-9,-13,0.0,3.5,2,74,10:16 PM,11:04 AM,08:21 AM,05:48 PM,-15,-20,-11,-20,35,6,73,0.0,1007,-11,10,281,22,"trenton,nj"
2018-01-05 02:00:00,-9,-13,0.0,3.5,2,74,10:16 PM,11:04 AM,08:21 AM,05:48 PM,-16,-21,-12,-21,38,5,72,0.0,1008,-12,10,284,23,"trenton,nj"
2018-01-05 03:00:00,-9,-13,0.0,3.5,2,74,10:16 PM,11:04 AM,08:21 AM,05:48 PM,-16,-21,-12,-21,40,5,71,0.0,1009,-12,10,287,25,"trenton,nj"
2018-01-05 04:00:00,-9,-13,0.0,3.5,2,74,10:16 PM,11:04 AM,08:21 AM,05:48 PM,-16,-21,-12,-21,37,6,71,0.0,1009,-12,10,283,23,"trenton,nj"
2018-01-05 05:00:00,-9,-13,0.0,3.5,2,74,10:16 PM,11:04 AM,08:21 AM,05:48 PM,-17,-21,-13,-21,35,7,72,0.0,1010,-13,10,279,21,"trenton,nj"
2018-01-05 06:00:00,-9,-13,0.0,3.5,2,74,10:16 PM,11:04 AM,08:21 AM,05:48 PM,-17,-21,-13,-21,32,8,72,0.0,1011,-13,10,276,20,"trenton,nj"
2018-01-05 07:00:00,-9,-13,0.0,3.5,2,74,10:16 PM,11:04 AM,08:21 AM,05:48 PM,-17,-21,-12,-21,34,25,70,0.0,1012,-12,10,279,23,"trenton,nj"
2018-01-05 08:00:00,-9,-13,0.0,3.5,2,74,10:16 PM,11:04 AM,08:21 AM,05:48 PM,-16,-21,-11,-21,36,43,67,0.0,1012,-11,10,282,26,"trenton,nj"
2018-01-05 09:00:00,-9,-13,0.0,3.5,2,74,10:16 PM,11:04 AM,08:21 AM,05:48 PM,-16,-20,-11,-20,38,60,65,0.0,1013,-11,10,286,28,"trenton,nj"
2018-01-05 10:00:00,-9,-13,0.0,3.5,2,74,10:16 PM,11:04 AM,08:21 AM,05:48 PM,-16,-20,-10,-20,37,73,64,0.0,1013,-10,10,284,29,"trenton,nj"
2018-01-05 11:00:00,-9,-13,0.0,3.5,2,74,10:16 PM,11:04 AM,08:21 AM,05:48 PM,-16,-19,-10,-19,37,87,63,0.0,1014,-10,10,283,29,"trenton,nj"
2018-01-05 12:00:00,-9,-13,0.0,3.5,2,74,10:16 PM,11:04 AM,08:21 AM,05:48 PM,-15,-18,-9,-18,36,100,61,0.0,1014,-9,10,281,29,"trenton,nj"
2018-01-05 13:00:00,-9,-13,0.0,3.5,2,74,10:16 PM,11:04 AM,08:21 AM,05:48 PM,-15,-18,-9,-18,37,89,62,0.0,1015,-9,10,280,28,"trenton,nj"
2018-01-05 14:00:00,-9,-13,0.0,3.5,2,74,10:16 PM,11:04 AM,08:21 AM,05:48 PM,-15,-18,-9,-18,37,78,63,0.0,1015,-9,10,279,27,"trenton,nj"
2018-01-05 15:00:00,-9,-13,0.0,3.5,2,74,10:16 PM,11:04 AM,08:21 AM,05:48 PM,-15,-18,-9,-18,38,68,64,0.0,1016,-9,10,278,26,"trenton,nj"
2018-01-05 16:00:00,-9,-13,0.0,3.5,2,74,10:16 PM,11:04 AM,08:21 AM,05:48 PM,-15,-18,-10,-18,34,78,68,0.0,1017,-10,10,274,23,"trenton,nj"
2018-01-05 17:00:00,-9,-13,0.0,3.5,2,74,10:16 PM,11:04 AM,08:21 AM,05:48 PM,-15,-19,-11,-19,31,89,71,0.0,1018,-11,10,271,20,"trenton,nj"
2018-01-05 18:00:00,-9,-13,0.0,3.5,2,74,10:16 PM,11:04 AM,08:21 AM,05:48 PM,-15,-19,-11,-19,28,100,74,0.0,1019,-11,10,267,17,"trenton,nj"
2018-01-05 19:00:00,-9,-13,0.0,3.5,2,74,10:16 PM,11:04 AM,08:21 AM,05:48 PM,-15,-19,-11,-19,30,100,74,0.0,1019,-11,10,269,18,"trenton,nj"
2018-01-05 20:00:00,-9,-13,0.0,3.5,2,74,10:16 PM,11:04 AM,08:21 AM,05:48 PM,-16,-20,-12,-20,32,99,73,0.0,1020,-12,10,270,19,"trenton,nj"
2018-01-05 21:00:00,-9,-13,0.0,3.5,2,74,10:16 PM,11:04 AM,08:21 AM,05:48 PM,-16,-20,-12,-20,33,99,73,0.0,1021,-12,10,271,21,"trenton,nj"
2018-01-05 22:00:00,-9,-13,0.0,3.5,2,74,10:16 PM,11:04 AM,08:21 AM,05:48 PM,-16,-20,-12,-20,30,77,74,0.0,1021,-12,10,268,19,"trenton,nj"
2018-01-05 23:00:00,-9,-13,0.0,3.5,2,74,10:16 PM,11:04 AM,08:21 AM,05:48 PM,-16,-20,-13,-20,27,55,75,0.0,1022,-13,10,264,17,"trenton,nj"
2018-01-06 00:00:00,-10,-15,0.0,5.2,2,67,11:23 PM,11:40 AM,08:21 AM,05:49 PM,-16,-20,-13,-20,24,33,75,0.0,1022,-13,10,261,15,"trenton,nj"
2018-01-06 01:00:00,-10,-15,0.0,5.2,2,67,11:23 PM,11:40 AM,08:21 AM,05:49 PM,-17,-21,-13,-21,27,35,75,0.0,1023,-13,10,263,17,"trenton,nj"
2018-01-06 02:00:00,-10,-15,0.0,5.2,2,67,11:23 PM,11:40 AM,08:21 AM,05:49 PM,-17,-22,-13,-22,29,37,75,0.0,1023,-13,10,265,18,"trenton,nj"
2018-01-06 03:00:00,-10,-15,0.0,5.2,2,67,11:23 PM,11:40 AM,08:21 AM,05:49 PM,-17,-22,-14,-22,32,38,74,0.0,1024,-14,10,266,20,"trenton,nj"
2018-01-06 04:00:00,-10,-15,0.0,5.2,2,67,11:23 PM,11:40 AM,08:21 AM,05:49 PM,-18,-23,-14,-23,31,29,74,0.0,1024,-14,10,265,20,"trenton,nj"
2018-01-06 05:00:00,-10,-15,0.0,5.2,2,67,11:23 PM,11:40 AM,08:21 AM,05:49 PM,-18,-23,-14,-23,31,19,73,0.0,1025,-14,10,263,20,"trenton,nj"
2018-01-06 06:00:00,-10,-15,0.0,5.2,2,67,11:23 PM,11:40 AM,08:21 AM,05:49 PM,-18,-24,-15,-24,31,10,73,0.0,1025,-15,10,261,20,"trenton,nj"
2018-01-06 07:00:00,-10,-15,0.0,5.2,2,67,11:23 PM,11:40 AM,08:21 AM,05:49 PM,-18,-23,-14,-23,31,28,71,0.0,1025,-14,10,269,21,"trenton,nj"
2018-01-06 08:00:00,-10,-15,0.0,5.2,2,67,11:23 PM,11:40 AM,08:21 AM,05:49 PM,-18,-22,-13,-22,32,46,68,0.0,1026,-13,10,276,23,"trenton,nj"
2018-01-06 09:00:00,-10,-15,0.0,5.2,2,67,11:23 PM,11:40 AM,08:21 AM,05:49 PM,-17,-21,-12,-21,33,65,66,0.0,1026,-12,10,284,25,"trenton,nj"
2018-01-06 10:00:00,-10,-15,0.0,5.2,2,67,11:23 PM,11:40 AM,08:21 AM,05:49 PM,-17,-20,-11,-20,32,75,64,0.0,1026,-11,10,285,25,"trenton,nj"
2018-01-06 11:00:00,-10,-15,0.0,5.2,2,67,11:23 PM,11:40 AM,08:21 AM,05:49 PM,-16,-19,-11,-19,31,86,63,0.0,1026,-11,10,287,24,"trenton,nj"
2018-01-06 12:00:00,-10,-15,0.0,5.2,2,67,11:23 PM,11:40 AM,08:21 AM,05:49 PM,-16,-18,-10,-18,30,97,62,0.0,1026,-10,10,288,24,"trenton,nj"
2018-01-06 13:00:00,-10,-15,0.0,5.2,2,67,11:23 PM,11:40 AM,08:21 AM,05:49 PM,-16,-19,-10,-19,30,68,62,0.0,1026,-10,10,290,23,"trenton,nj"
2018-01-06 14:00:00,-10,-15,0.0,5.2,2,67,11:23 PM,11:40 AM,08:21 AM,05:49 PM,-16,-19,-10,-19,30,39,63,0.0,1027,-10,10,292,22,"trenton,nj"
2018-01-06 15:00:00,-10,-15,0.0,5.2,2,67,11:23 PM,11:40 AM,08:21 AM,05:49 PM,-16,-19,-11,-19,30,9,63,0.0,1027,-11,10,293,21,"trenton,nj"
2018-01-06 16:00:00,-10,-15,0.0,5.2,2,67,11:23 PM,11:40 AM,08:21 AM,05:49 PM,-16,-18,-11,-18,24,6,68,0.0,1028,-11,10,289,17,"trenton,nj"
2018-01-06 17:00:00,-10,-15,0.0,5.2,2,67,11:23 PM,11:40 AM,08:21 AM,05:49 PM,-15,-17,-11,-17,18,3,73,0.0,1029,-12,10,284,13,"trenton,nj"
2018-01-06 18:00:00,-10,-15,0.0,5.2,2,67,11:23 PM,11:40 AM,08:21 AM,05:49 PM,-15,-17,-12,-17,12,0,78,0.0,1030,-13,10,280,9,"trenton,nj"
2018-01-06 19:00:00,-10,-15,0.0,5.2,2,67,11:23 PM,11:40 AM,08:21 AM,05:49 PM,-15,-18,-12,-18,16,1,77,0.0,1031,-13,10,289,10,"trenton,nj"
2018-01-06 20:00:00,-10,-15,0.0,5.2,2,67,11:23 PM,11:40 AM,08:21 AM,05:49 PM,-16,-20,-13,-20,19,3,76,0.0,1031,-14,10,298,12,"trenton,nj"
2018-01-06 21:00:00,-10,-15,0.0,5.2,2,67,11:23 PM,11:40 AM,08:21 AM,05:49 PM,-17,-21,-14,-21,22,4,75,0.0,1032,-14,10,308,13,"trenton,nj"
2018-01-06 22:00:00,-10,-15,0.0,5.2,2,67,11:23 PM,11:40 AM,08:21 AM,05:49 PM,-17,-21,-14,-21,19,4,75,0.0,1032,-14,10,308,12,"trenton,nj"
2018-01-06 23:00:00,-10,-15,0.0,5.2,2,67,11:23 PM,11:40 AM,08:21 AM,05:49 PM,-17,-20,-14,-20,16,4,75,0.0,1033,-15,10,309,11,"trenton,nj"
2018-01-07 00:00:00,-9,-16,0.0,8.7,2,59,No moonrise,12:13 PM,08:21 AM,05:50 PM,-17,-20,-14,-20,13,4,75,0.0,1033,-15,10,309,10,"trenton,nj"
2018-01-07 01:00:00,-9,-16,0.0,8.7,2,59,No moonrise,12:13 PM,08:21 AM,05:50 PM,-18,-21,-14,-21,15,2,75,0.0,1034,-15,10,307,11,"trenton,nj"
2018-01-07 02:00:00,-9,-16,0.0,8.7,2,59,No moonrise,12:13 PM,08:21 AM,05:50 PM,-18,-22,-15,-22,17,1,75,0.0,1034,-15,10,306,12,"trenton,nj"
2018-01-07 03:00:00,-9,-16,0.0,8.7,2,59,No moonrise,12:13 PM,08:21 AM,05:50 PM,-19,-23,-15,-23,19,0,75,0.0,1035,-16,10,304,13,"trenton,nj"
2018-01-07 04:00:00,-9,-16,0.0,8.7,2,59,No moonrise,12:13 PM,08:21 AM,05:50 PM,-17,-20,-14,-20,15,0,77,0.0,1036,-16,10,295,10,"trenton,nj"
2018-01-07 05:00:00,-9,-16,0.0,8.7,2,59,No moonrise,12:13 PM,08:21 AM,05:50 PM,-16,-18,-14,-18,10,0,79,0.0,1036,-16,10,287,7,"trenton,nj"
2018-01-07 06:00:00,-9,-16,0.0,8.7,2,59,No moonrise,12:13 PM,08:21 AM,05:50 PM,-15,-16,-13,-16,5,0,82,0.0,1037,-16,10,278,5,"trenton,nj"
2018-01-07 07:00:00,-9,-16,0.0,8.7,2,59,No moonrise,12:13 PM,08:21 AM,05:50 PM,-15,-16,-12,-16,7,1,78,0.0,1037,-15,10,290,6,"trenton,nj"
2018-01-07 08:00:00,-9,-16,0.0,8.7,2,59,No moonrise,12:13 PM,08:21 AM,05:50 PM,-15,-16,-12,-16,8,1,74,0.0,1037,-14,10,301,7,"trenton,nj"
2018-01-07 09:00:00,-9,-16,0.0,8.7,2,59,No moonrise,12:13 PM,08:21 AM,05:50 PM,-16,-16,-11,-16,10,2,70,0.0,1037,-13,10,313,8,"trenton,nj"
2018-01-07 10:00:00,-9,-16,0.0,8.7,2,59,No moonrise,12:13 PM,08:21 AM,05:50 PM,-15,-14,-10,-14,8,6,66,0.0,1037,-12,10,292,7,"trenton,nj"
2018-01-07 11:00:00,-9,-16,0.0,8.7,2,59,No moonrise,12:13 PM,08:21 AM,05:50 PM,-15,-12,-9,-12,7,11,63,0.0,1036,-10,10,272,6,"trenton,nj"
2018-01-07 12:00:00,-9,-16,0.0,8.7,2,59,No moonrise,12:13 PM,08:21 AM,05:50 PM,-14,-10,-8,-10,6,15,59,0.0,1036,-9,10,252,5,"trenton,nj"
2018-01-07 13:00:00,-9,-16,0.0,8.7,2,59,No moonrise,12:13 PM,08:21 AM,05:50 PM,-14,-11,-8,-11,7,26,63,0.0,1035,-9,10,248,6,"trenton,nj"
2018-01-07 14:00:00,-9,-16,0.0,8.7,2,59,No moonrise,12:13 PM,08:21 AM,05:50 PM,-13,-12,-8,-12,8,36,68,0.0,1035,-9,10,243,6,"trenton,nj"
2018-01-07 15:00:00,-9,-16,0.0,8.7,2,59,No moonrise,12:13 PM,08:21 AM,05:50 PM,-13,-13,-9,-13,9,47,72,0.0,1034,-9,10,239,7,"trenton,nj"
2018-01-07 16:00:00,-9,-16,0.0,8.7,2,59,No moonrise,12:13 PM,08:21 AM,05:50 PM,-13,-13,-9,-13,11,64,74,0.0,1034,-9,10,227,8,"trenton,nj"
2018-01-07 17:00:00,-9,-16,0.0,8.7,2,59,No moonrise,12:13 PM,08:21 AM,05:50 PM,-13,-14,-9,-14,13,82,76,0.0,1033,-10,10,215,9,"trenton,nj"
2018-01-07 18:00:00,-9,-16,0.0,8.7,2,59,No moonrise,12:13 PM,08:21 AM,05:50 PM,-13,-15,-10,-15,15,100,79,0.0,1033,-10,10,203,9,"trenton,nj"
2018-01-07 19:00:00,-9,-16,0.0,8.7,2,59,No moonrise,12:13 PM,08:21 AM,05:50 PM,-13,-16,-10,-16,17,77,79,0.0,1032,-10,10,208,10,"trenton,nj"
2018-01-07 20:00:00,-9,-16,0.0,8.7,2,59,No moonrise,12:13 PM,08:21 AM,05:50 PM,-13,-16,-11,-16,18,53,80,0.0,1032,-11,10,213,11,"trenton,nj"
2018-01-07 21:00:00,-9,-16,0.0,8.7,2,59,No moonrise,12:13 PM,08:21 AM,05:50 PM,-14,-17,-11,-17,20,30,80,0.0,1031,-11,10,218,12,"trenton,nj"
2018-01-07 22:00:00,-9,-16,0.0,8.7,2,59,No moonrise,12:13 PM,08:21 AM,05:50 PM,-14,-17,-11,-17,19,30,80,0.0,1031,-11,10,218,12,"trenton,nj"
2018-01-07 23:00:00,-9,-16,0.0,8.7,2,59,No moonrise,12:13 PM,08:21 AM,05:50 PM,-13,-16,-11,-16,18,29,79,0.0,1030,-11,10,219,11,"trenton,nj"
2018-01-08 00:00:00,0,-11,0.0,5.2,2,52,12:27 AM,12:43 PM,08:21 AM,05:50 PM,-13,-16,-10,-16,17,29,79,0.0,1029,-11,10,220,10,"trenton,nj"
2018-01-08 01:00:00,0,-11,0.0,5.2,2,52,12:27 AM,12:43 PM,08:21 AM,05:50 PM,-13,-16,-10,-16,18,25,79,0.0,1029,-10,10,219,11,"trenton,nj"
2018-01-08 02:00:00,0,-11,0.0,5.2,2,52,12:27 AM,12:43 PM,08:21 AM,05:50 PM,-13,-16,-10,-16,19,21,79,0.0,1028,-10,10,218,11,"trenton,nj"
2018-01-08 03:00:00,0,-11,0.0,5.2,2,52,12:27 AM,12:43 PM,08:21 AM,05:50 PM,-13,-16,-10,-16,20,17,80,0.0,1028,-10,10,217,12,"trenton,nj"
2018-01-08 04:00:00,0,-11,0.0,5.2,2,52,12:27 AM,12:43 PM,08:21 AM,05:50 PM,-12,-15,-9,-15,17,45,80,0.0,1027,-10,10,211,10,"trenton,nj"
2018-01-08 05:00:00,0,-11,0.0,5.2,2,52,12:27 AM,12:43 PM,08:21 AM,05:50 PM,-12,-14,-9,-14,15,72,81,0.0,1027,-9,10,205,9,"trenton,nj"
2018-01-08 06:00:00,0,-11,0.0,5.2,2,52,12:27 AM,12:43 PM,08:21 AM,05:50 PM,-11,-12,-8,-12,12,100,81,0.0,1026,-9,10,199,8,"trenton,nj"
2018-01-08 07:00:00,0,-11,0.0,5.2,2,52,12:27 AM,12:43 PM,08:21 AM,05:50 PM,-11,-12,-7,-12,15,83,77,0.0,1026,-7,10,206,10,"trenton,nj"
2018-01-08 08:00:00,0,-11,0.0,5.2,2,52,12:27 AM,12:43 PM,08:21 AM,05:50 PM,-10,-11,-6,-11,18,67,73,0.0,1025,-6,10,212,13,"trenton,nj"
2018-01-08 09:00:00,0,-11,0.0,5.2,2,52,12:27 AM,12:43 PM,08:21 AM,05:50 PM,-10,-11,-5,-11,21,50,69,0.0,1025,-5,10,219,15,"trenton,nj"
2018-01-08 10:00:00,0,-11,0.0,5.2,2,52,12:27 AM,12:43 PM,08:21 AM,05:50 PM,-9,-9,-4,-9,19,54,69,0.0,1024,-4,10,219,14,"trenton,nj"
2018-01-08 11:00:00,0,-11,0.0,5.2,2,52,12:27 AM,12:43 PM,08:21 AM,05:50 PM,-8,-7,-3,-7,16,58,68,0.0,1023,-3,10,218,13,"trenton,nj"
2018-01-08 12:00:00,0,-11,0.0,5.2,2,52,12:27 AM,12:43 PM,08:21 AM,05:50 PM,-7,-5,-1,-5,14,62,68,0.0,1022,-2,10,218,12,"trenton,nj"
2018-01-08 13:00:00,0,-11,0.0,5.2,2,52,12:27 AM,12:43 PM,08:21 AM,05:50 PM,-6,-6,-1,-6,16,63,72,0.0,1021,-2,10,219,12,"trenton,nj"
2018-01-08 14:00:00,0,-11,0.0,5.2,2,52,12:27 AM,12:43 PM,08:21 AM,05:50 PM,-5,-6,-1,-6,18,64,76,0.0,1021,-2,10,220,13,"trenton,nj"
2018-01-08 15:00:00,0,-11,0.0,5.2,2,52,12:27 AM,12:43 PM,08:21 AM,05:50 PM,-4,-6,-2,-6,20,65,81,0.0,1020,-2,10,221,13,"trenton,nj"
2018-01-08 16:00:00,0,-11,0.0,5.2,2,52,12:27 AM,12:43 PM,08:21 AM,05:50 PM,-3,-6,-1,-6,20,77,85,0.0,1020,-1,10,226,14,"trenton,nj"
2018-01-08 17:00:00,0,-11,0.0,5.2,2,52,12:27 AM,12:43 PM,08:21 AM,05:50 PM,-2,-5,-1,-5,21,88,90,0.0,1020,-1,10,230,14,"trenton,nj"
2018-01-08 18:00:00,0,-11,0.0,5.2,2,52,12:27 AM,12:43 PM,08:21 AM,05:50 PM,-1,-5,-0,-5,22,100,94,0.0,1020,-0,10,235,15,"trenton,nj"
2018-01-08 19:00:00,0,-11,0.0,5.2,2,52,12:27 AM,12:43 PM,08:21 AM,05:50 PM,-1,-5,-0,-5,22,100,95,0.0,1020,-0,10,239,15,"trenton,nj"
2018-01-08 20:00:00,0,-11,0.0,5.2,2,52,12:27 AM,12:43 PM,08:21 AM,05:50 PM,-1,-4,0,-4,23,100,95,0.6,1020,0,9,243,15,"trenton,nj"
2018-01-08 21:00:00,0,-11,0.0,5.2,2,52,12:27 AM,12:43 PM,08:21 AM,05:50 PM,-0,-4,0,-4,24,100,95,0.8,1019,0,9,247,14,"trenton,nj"
2018-01-08 22:00:00,0,-11,0.0,5.2,2,52,12:27 AM,12:43 PM,08:21 AM,05:50 PM,-1,-4,-0,-4,20,96,96,0.4,1019,-0,6,247,12,"trenton,nj"
2018-01-08 23:00:00,0,-11,0.0,5.2,2,52,12:27 AM,12:43 PM,08:21 AM,05:50 PM,-1,-4,-1,-4,17,91,97,0.0,1019,-1,3,246,10,"trenton,nj"
2018-01-09 00:00:00,5,-3,0.0,8.7,1,45,01:29 AM,01:14 PM,08:21 AM,05:51 PM,-2,-4,-1,-4,14,87,98,0.0,1019,-2,0,245,8,"trenton,nj"
2018-01-09 01:00:00,5,-3,0.0,8.7,1,45,01:29 AM,01:14 PM,08:21 AM,05:51 PM,-2,-5,-2,-5,15,72,97,0.0,1019,-2,0,254,8,"trenton,nj"
2018-01-09 02:00:00,5,-3,0.0,8.7,1,45,01:29 AM,01:14 PM,08:21 AM,05:51 PM,-3,-6,-3,-6,16,57,97,0.0,1020,-3,0,263,8,"trenton,nj"
2018-01-09 03:00:00,5,-3,0.0,8.7,1,45,01:29 AM,01:14 PM,08:21 AM,05:51 PM,-3,-7,-3,-7,17,42,97,0.0,1020,-3,0,272,9,"trenton,nj"
2018-01-09 04:00:00,5,-3,0.0,8.7,1,45,01:29 AM,01:14 PM,08:21 AM,05:51 PM,-3,-6,-3,-6,18,37,96,0.0,1021,-3,3,257,9,"trenton,nj"
2018-01-09 05:00:00,5,-3,0.0,8.7,1,45,01:29 AM,01:14 PM,08:21 AM,05:51 PM,-3,-5,-2,-5,19,33,95,0.0,1021,-2,7,241,9,"trenton,nj"
2018-01-09 06:00:00,5,-3,0.0,8.7,1,45,01:29 AM,01:14 PM,08:21 AM,05:51 PM,-2,-5,-1,-5,20,29,94,0.0,1021,-2,10,226,9,"trenton,nj"
2018-01-09 07:00:00,5,-3,0.0,8.7,1,45,01:29 AM,01:14 PM,08:21 AM,05:51 PM,-1,-4,-0,-4,20,20,92,0.0,1022,-1,10,243,11,"trenton,nj"
2018-01-09 08:00:00,5,-3,0.0,8.7,1,45,01:29 AM,01:14 PM,08:21 AM,05:51 PM,-1,-3,1,-3,20,10,89,0.0,1022,1,10,260,12,"trenton,nj"
2018-01-09 09:00:00,5,-3,0.0,8.7,1,45,01:29 AM,01:14 PM,08:21 AM,05:51 PM,0,-1,2,-1,20,1,87,0.0,1023,2,10,276,13,"trenton,nj"
2018-01-09 10:00:00,5,-3,0.0,8.7,1,45,01:29 AM,01:14 PM,08:21 AM,05:51 PM,1,0,3,0,17,2,87,0.0,1023,3,10,281,12,"trenton,nj"
2018-01-09 11:00:00,5,-3,0.0,8.7,1,45,01:29 AM,01:14 PM,08:21 AM,05:51 PM,2,2,4,2,15,3,87,0.0,1023,4,10,286,11,"trenton,nj"
2018-01-09 12:00:00,5,-3,0.0,8.7,1,45,01:29 AM,01:14 PM,08:21 AM,05:51 PM,3,3,5,3,12,4,86,0.0,1022,5,10,291,9,"trenton,nj"
2018-01-09 13:00:00,5,-3,0.0,8.7,1,45,01:29 AM,01:14 PM,08:21 AM,05:51 PM,3,3,5,3,12,3,88,0.0,1023,4,10,288,9,"trenton,nj"
2018-01-09 14:00:00,5,-3,0.0,8.7,1,45,01:29 AM,01:14 PM,08:21 AM,05:51 PM,3,2,4,2,12,1,89,0.0,1024,3,10,285,9,"trenton,nj"
2018-01-09 15:00:00,5,-3,0.0,8.7,1,45,01:29 AM,01:14 PM,08:21 AM,05:51 PM,2,2,4,2,12,0,90,0.0,1024,2,10,282,8,"trenton,nj"
2018-01-09 16:00:00,5,-3,0.0,8.7,1,45,01:29 AM,01:14 PM,08:21 AM,05:51 PM,1,1,3,1,12,1,89,0.0,1025,1,10,282,7,"trenton,nj"
2018-01-09 17:00:00,5,-3,0.0,8.7,1,45,01:29 AM,01:14 PM,08:21 AM,05:51 PM,0,0,2,0,11,3,88,0.0,1026,1,10,283,6,"trenton,nj"
2018-01-09 18:00:00,5,-3,0.0,8.7,1,45,01:29 AM,01:14 PM,08:21 AM,05:51 PM,-1,-0,1,-0,11,4,87,0.0,1027,0,10,283,5,"trenton,nj"
2018-01-09 19:00:00,5,-3,0.0,8.7,1,45,01:29 AM,01:14 PM,08:21 AM,05:51 PM,-1,-1,1,-1,10,4,86,0.0,1027,-0,10,190,5,"trenton,nj"
2018-01-09 20:00:00,5,-3,0.0,8.7,1,45,01:29 AM,01:14 PM,08:21 AM,05:51 PM,-2,-1,0,-1,10,4,85,0.0,1028,-1,10,96,5,"trenton,nj"
2018-01-09 21:00:00,5,-3,0.0,8.7,1,45,01:29 AM,01:14 PM,08:21 AM,05:51 PM,-3,-2,-0,-2,10,3,83,0.0,1029,-2,10,3,5,"trenton,nj"
2018-01-09 22:00:00,5,-3,0.0,8.7,1,45,01:29 AM,01:14 PM,08:21 AM,05:51 PM,-3,-2,-0,-2,10,4,84,0.0,1029,-2,10,8,5,"trenton,nj"
2018-01-09 23:00:00,5,-3,0.0,8.7,1,45,01:29 AM,01:14 PM,08:21 AM,05:51 PM,-3,-2,-0,-2,9,4,84,0.0,1030,-2,10,14,5,"trenton,nj"
2018-01-10 00:00:00,5,-3,0.0,8.7,2,38,02:29 AM,01:44 PM,08:21 AM,05:52 PM,-3,-2,-1,-2,9,5,85,0.0,1030,-2,10,20,5,"trenton,nj"
2018-01-10 01:00:00,5,-3,0.0,8.7,2,38,02:29 AM,01:44 PM,08:21 AM,05:52 PM,-3,-2,-1,-2,8,4,85,0.0,1031,-3,10,21,5,"trenton,nj"
2018-01-10 02:00:00,5,-3,0.0,8.7,2,38,02:29 AM,01:44 PM,08:21 AM,05:52 PM,-3,-2,-1,-2,7,3,86,0.0,1031,-3,10,21,4,"trenton,nj"
2018-01-10 03:00:00,5,-3,0.0,8.7,2,38,02:29 AM,01:44 PM,08:21 AM,05:52 PM,-3,-2,-1,-2,6,2,86,0.0,1031,-3,10,22,4,"trenton,nj"
2018-01-10 04:00:00,5,-3,0.0,8.7,2,38,02:29 AM,01:44 PM,08:21 AM,05:52 PM,-3,-3,-1,-3,8,4,85,0.0,1032,-3,10,34,5,"trenton,nj"
2018-01-10 05:00:00,5,-3,0.0,8.7,2,38,02:29 AM,01:44 PM,08:21 AM,05:52 PM,-4,-4,-2,-4,10,5,84,0.0,1032,-3,10,46,6,"trenton,nj"
2018-01-10 06:00:00,5,-3,0.0,8.7,2,38,02:29 AM,01:44 PM,08:21 AM,05:52 PM,-5,-5,-2,-5,12,6,83,0.0,1032,-3,10,58,6,"trenton,nj"
2018-01-10 07:00:00,5,-3,0.0,8.7,2,38,02:29 AM,01:44 PM,08:21 AM,05:52 PM,-4,-3,-1,-3,10,6,80,0.0,1032,-2,10,77,6,"trenton,nj"
2018-01-10 08:00:00,5,-3,0.0,8.7,2,38,02:29 AM,01:44 PM,08:21 AM,05:52 PM,-3,-1,1,-1,7,6,78,0.0,1033,-1,10,96,5,"trenton,nj"
2018-01-10 09:00:00,5,-3,0.0,8.7,2,38,02:29 AM,01:44 PM,08:21 AM,05:52 PM,-2,2,2,2,5,6,75,0.0,1033,1,10,115,4,"trenton,nj"
2018-01-10 10:00:00,5,-3,0.0,8.7,2,38,02:29 AM,01:44 PM,08:21 AM,05:52 PM,-1,3,3,3,4,10,75,0.0,1033,2,10,149,3,"trenton,nj"
2018-01-10 11:00:00,5,-3,0.0,8.7,2,38,02:29 AM,01:44 PM,08:21 AM,05:52 PM,0,4,4,4,3,14,75,0.0,1032,3,10,183,3,"trenton,nj"
2018-01-10 12:00:00,5,-3,0.0,8.7,2,38,02:29 AM,01:44 PM,08:21 AM,05:52 PM,1,5,5,5,2,18,74,0.0,1032,5,10,218,2,"trenton,nj"
2018-01-10 13:00:00,5,-3,0.0,8.7,2,38,02:29 AM,01:44 PM,08:21 AM,05:52 PM,1,4,5,4,4,25,79,0.0,1031,4,10,192,3,"trenton,nj"
2018-01-10 14:00:00,5,-3,0.0,8.7,2,38,02:29 AM,01:44 PM,08:21 AM,05:52 PM,1,3,4,3,7,33,84,0.0,1031,3,10,167,4,"trenton,nj"
2018-01-10 15:00:00,5,-3,0.0,8.7,2,38,02:29 AM,01:44 PM,08:21 AM,05:52 PM,1,2,3,2,9,41,88,0.0,1031,2,10,141,5,"trenton,nj"
2018-01-10 16:00:00,5,-3,0.0,8.7,2,38,02:29 AM,01:44 PM,08:21 AM,05:52 PM,1,2,3,2,8,45,89,0.0,1031,2,10,137,4,"trenton,nj"
2018-01-10 17:00:00,5,-3,0.0,8.7,2,38,02:29 AM,01:44 PM,08:21 AM,05:52 PM,1,2,2,2,7,49,90,0.0,1031,2,10,134,4,"trenton,nj"
2018-01-10 18:00:00,5,-3,0.0,8.7,2,38,02:29 AM,01:44 PM,08:21 AM,05:52 PM,1,2,2,2,6,52,91,0.0,1031,2,10,130,3,"trenton,nj"
2018-01-10 19:00:00,5,-3,0.0,8.7,2,38,02:29 AM,01:44 PM,08:21 AM,05:52 PM,1,1,2,1,10,54,91,0.0,1031,2,10,136,5,"trenton,nj"
2018-01-10 20:00:00,5,-3,0.0,8.7,2,38,02:29 AM,01:44 PM,08:21 AM,05:52 PM,1,1,2,1,13,56,92,0.0,1031,2,10,143,6,"trenton,nj"
2018-01-10 21:00:00,5,-3,0.0,8.7,2,38,02:29 AM,01:44 PM,08:21 AM,05:52 PM,1,-0,2,-0,17,58,92,0.0,1031,2,10,149,8,"trenton,nj"
2018-01-10 22:00:00,5,-3,0.0,8.7,2,38,02:29 AM,01:44 PM,08:21 AM,05:52 PM,2,1,3,1,15,53,93,0.0,1030,2,7,153,7,"trenton,nj"
2018-01-10 23:00:00,5,-3,0.0,8.7,2,38,02:29 AM,01:44 PM,08:21 AM,05:52 PM,2,1,3,1,14,48,94,0.0,1030,3,5,157,6,"trenton,nj"
2018-01-11 00:00:00,11,2,0.0,7.0,2,30,03:28 AM,02:16 PM,08:21 AM,05:54 PM,3,2,3,2,12,42,94,0.0,1029,3,2,161,6,"trenton,nj"
2018-01-11 01:00:00,11,2,0.0,7.0,2,30,03:28 AM,02:16 PM,08:21 AM,05:54 PM,2,2,3,2,13,37,95,0.0,1029,3,2,178,6,"trenton,nj"
2018-01-11 02:00:00,11,2,0.0,7.0,2,30,03:28 AM,02:16 PM,08:21 AM,05:54 PM,2,1,3,1,14,32,95,0.0,1029,2,2,194,6,"trenton,nj"
2018-01-11 03:00:00,11,2,0.0,7.0,2,30,03:28 AM,02:16 PM,08:21 AM,05:54 PM,2,1,3,1,14,27,96,0.0,1029,2,2,211,7,"trenton,nj"
2018-01-11 04:00:00,11,2,0.0,7.0,2,30,03:28 AM,02:16 PM,08:21 AM,05:54 PM,2,1,3,1,10,47,96,0.0,1029,2,5,210,5,"trenton,nj"
2018-01-11 05:00:00,11,2,0.0,7.0,2,30,03:28 AM,02:16 PM,08:21 AM,05:54 PM,2,2,3,2,5,66,97,0.0,1029,2,7,210,3,"trenton,nj"
2018-01-11 06:00:00,11,2,0.0,7.0,2,30,03:28 AM,02:16 PM,08:21 AM,05:54 PM,2,3,3,3,1,85,97,0.0,1029,2,10,209,0,"trenton,nj"
2018-01-11 07:00:00,11,2,0.0,7.0,2,30,03:28 AM,02:16 PM,08:21 AM,05:54 PM,3,3,4,3,6,90,98,0.0,1029,3,7,207,3,"trenton,nj"
2018-01-11 08:00:00,11,2,0.0,7.0,2,30,03:28 AM,02:16 PM,08:21 AM,05:54 PM,5,4,5,4,10,95,98,0.0,1029,5,3,204,5,"trenton,nj"
2018-01-11 09:00:00,11,2,0.0,7.0,2,30,03:28 AM,02:16 PM,08:21 AM,05:54 PM,6,5,6,5,15,100,98,0.0,1030,6,0,201,8,"trenton,nj"
2018-01-11 10:00:00,11,2,0.0,7.0,2,30,03:28 AM,02:16 PM,08:21 AM,05:54 PM,7,7,8,7,11,83,96,0.0,1029,7,3,176,6,"trenton,nj"
2018-01-11 11:00:00,11,2,0.0,7.0,2,30,03:28 AM,02:16 PM,08:21 AM,05:54 PM,9,9,9,9,8,65,95,0.0,1028,9,7,151,4,"trenton,nj"
2018-01-11 12:00:00,11,2,0.0,7.0,2,30,03:28 AM,02:16 PM,08:21 AM,05:54 PM,10,11,11,11,4,48,93,0.0,1028,11,10,126,3,"trenton,nj"
2018-01-11 13:00:00,11,2,0.0,7.0,2,30,03:28 AM,02:16 PM,08:21 AM,05:54 PM,9,10,10,10,8,40,94,0.0,1027,10,7,137,4,"trenton,nj"
2018-01-11 14:00:00,11,2,0.0,7.0,2,30,03:28 AM,02:16 PM,08:21 AM,05:54 PM,9,8,9,8,12,31,96,0.0,1027,9,5,148,6,"trenton,nj"
2018-01-11 15:00:00,11,2,0.0,7.0,2,30,03:28 AM,02:16 PM,08:21 AM,05:54 PM,8,7,8,7,16,23,97,0.0,1027,8,2,159,8,"trenton,nj"
2018-01-11 16:00:00,11,2,0.0,7.0,2,30,03:28 AM,02:16 PM,08:21 AM,05:54 PM,8,7,8,7,17,49,97,0.0,1027,8,1,154,8,"trenton,nj"
2018-01-11 17:00:00,11,2,0.0,7.0,2,30,03:28 AM,02:16 PM,08:21 AM,05:54 PM,7,6,8,6,18,74,97,0.0,1026,8,1,148,9,"trenton,nj"
2018-01-11 18:00:00,11,2,0.0,7.0,2,30,03:28 AM,02:16 PM,08:21 AM,05:54 PM,7,6,8,6,20,100,97,0.0,1026,8,0,143,9,"trenton,nj"
2018-01-11 19:00:00,11,2,0.0,7.0,2,30,03:28 AM,02:16 PM,08:21 AM,05:54 PM,7,6,8,6,21,100,97,0.0,1025,8,0,151,10,"trenton,nj"
2018-01-11 20:00:00,11,2,0.0,7.0,2,30,03:28 AM,02:16 PM,08:21 AM,05:54 PM,7,6,8,6,22,100,97,0.0,1025,8,0,159,11,"trenton,nj"
2018-01-11 21:00:00,11,2,0.0,7.0,2,30,03:28 AM,02:16 PM,08:21 AM,05:54 PM,7,6,8,6,23,100,98,0.0,1024,8,0,167,11,"trenton,nj"
2018-01-11 22:00:00,11,2,0.0,7.0,2,30,03:28 AM,02:16 PM,08:21 AM,05:54 PM,8,7,9,7,22,100,98,0.0,1023,9,0,166,10,"trenton,nj"
2018-01-11 23:00:00,11,2,0.0,7.0,2,30,03:28 AM,02:16 PM,08:21 AM,05:54 PM,10,8,10,8,20,100,99,0.0,1022,10,0,165,10,"trenton,nj"
2018-01-12 00:00:00,16,10,0.0,3.5,3,23,04:24 AM,02:51 PM,08:20 AM,05:55 PM,11,10,11,10,19,100,99,0.0,1021,10,0,165,9,"trenton,nj"
2018-01-12 01:00:00,16,10,0.0,3.5,3,23,04:24 AM,02:51 PM,08:20 AM,05:55 PM,11,10,11,10,23,100,99,0.0,1020,11,3,166,11,"trenton,nj"
2018-01-12 02:00:00,16,10,0.0,3.5,3,23,04:24 AM,02:51 PM,08:20 AM,05:55 PM,11,10,11,10,27,100,99,0.0,1019,11,7,167,13,"trenton,nj"
2018-01-12 03:00:00,16,10,0.0,3.5,3,23,04:24 AM,02:51 PM,08:20 AM,05:55 PM,11,10,12,10,31,99,98,0.0,1019,12,10,168,15,"trenton,nj"
2018-01-12 04:00:00,16,10,0.0,3.5,3,23,04:24 AM,02:51 PM,08:20 AM,05:55 PM,12,11,13,11,33,100,97,0.0,1017,13,10,169,17,"trenton,nj"
2018-01-12 05:00:00,16,10,0.0,3.5,3,23,04:24 AM,02:51 PM,08:20 AM,05:55 PM,13,12,14,12,36,100,96,0.0,1016,14,10,171,18,"trenton,nj"
2018-01-12 06:00:00,16,10,0.0,3.5,3,23,04:24 AM,02:51 PM,08:20 AM,05:55 PM,14,13,15,13,38,100,96,0.0,1015,15,10,173,20,"trenton,nj"
2018-01-12 07:00:00,16,10,0.0,3.5,3,23,04:24 AM,02:51 PM,08:20 AM,05:55 PM,14,14,15,14,40,100,95,0.0,1015,15,10,177,21,"trenton,nj"
2018-01-12 08:00:00,16,10,0.0,3.5,3,23,04:24 AM,02:51 PM,08:20 AM,05:55 PM,15,15,15,15,41,100,94,0.0,1014,15,10,180,22,"trenton,nj"
2018-01-12 09:00:00,16,10,0.0,3.5,3,23,04:24 AM,02:51 PM,08:20 AM,05:55 PM,15,16,16,16,43,100,94,0.0,1014,16,10,183,23,"trenton,nj"
2018-01-12 10:00:00,16,10,0.0,3.5,3,23,04:24 AM,02:51 PM,08:20 AM,05:55 PM,15,16,16,16,39,100,94,0.0,1013,16,10,181,21,"trenton,nj"
2018-01-12 11:00:00,16,10,0.0,3.5,3,23,04:24 AM,02:51 PM,08:20 AM,05:55 PM,15,16,16,16,35,100,94,0.0,1012,16,10,179,19,"trenton,nj"
2018-01-12 12:00:00,16,10,0.0,3.5,3,23,04:24 AM,02:51 PM,08:20 AM,05:55 PM,15,16,16,16,31,100,94,0.0,1010,16,10,178,17,"trenton,nj"
2018-01-12 13:00:00,16,10,0.0,3.5,3,23,04:24 AM,02:51 PM,08:20 AM,05:55 PM,15,16,16,16,30,100,95,0.0,1010,16,9,179,17,"trenton,nj"
2018-01-12 14:00:00,16,10,0.0,3.5,3,23,04:24 AM,02:51 PM,08:20 AM,05:55 PM,15,15,15,15,28,100,96,1.8,1009,15,8,180,16,"trenton,nj"
2018-01-12 15:00:00,16,10,0.0,3.5,3,23,04:24 AM,02:51 PM,08:20 AM,05:55 PM,15,15,15,15,27,100,96,2.4,1008,15,7,181,15,"trenton,nj"
2018-01-12 16:00:00,16,10,0.0,3.5,3,23,04:24 AM,02:51 PM,08:20 AM,05:55 PM,14,15,15,15,23,100,97,1.2,1007,15,5,178,13,"trenton,nj"
2018-01-12 17:00:00,16,10,0.0,3.5,3,23,04:24 AM,02:51 PM,08:20 AM,05:55 PM,14,14,14,14,19,100,97,0.0,1006,14,2,174,10,"trenton,nj"
2018-01-12 18:00:00,16,10,0.0,3.5,3,23,04:24 AM,02:51 PM,08:20 AM,05:55 PM,14,14,14,14,14,100,98,0.0,1005,14,0,171,8,"trenton,nj"
2018-01-12 19:00:00,16,10,0.0,3.5,3,23,04:24 AM,02:51 PM,08:20 AM,05:55 PM,14,14,15,14,22,100,97,0.0,1005,14,3,174,13,"trenton,nj"
2018-01-12 20:00:00,16,10,0.0,3.5,3,23,04:24 AM,02:51 PM,08:20 AM,05:55 PM,14,15,15,15,30,100,95,0.4,1004,15,7,177,18,"trenton,nj"
2018-01-12 21:00:00,16,10,0.0,3.5,3,23,04:24 AM,02:51 PM,08:20 AM,05:55 PM,14,15,15,15,37,100,94,0.6,1003,15,10,180,23,"trenton,nj"
2018-01-12 22:00:00,16,10,0.0,3.5,3,23,04:24 AM,02:51 PM,08:20 AM,05:55 PM,14,15,15,15,33,100,95,0.3,1002,15,10,177,20,"trenton,nj"
2018-01-12 23:00:00,16,10,0.0,3.5,3,23,04:24 AM,02:51 PM,08:20 AM,05:55 PM,14,14,15,14,29,100,95,0.0,1000,15,10,175,17,"trenton,nj"
2018-01-13 00:00:00,15,-5,0.0,8.7,1,16,05:21 AM,03:30 PM,08:20 AM,05:56 PM,14,14,15,14,25,100,95,0.0,998,15,10,173,14,"trenton,nj"
2018-01-13 01:00:00,15,-5,0.0,8.7,1,16,05:21 AM,03:30 PM,08:20 AM,05:56 PM,14,14,15,14,31,99,94,0.0,998,15,10,179,18,"trenton,nj"
2018-01-13 02:00:00,15,-5,0.0,8.7,1,16,05:21 AM,03:30 PM,08:20 AM,05:56 PM,14,15,15,15,36,97,93,0.3,998,15,9,186,22,"trenton,nj"
2018-01-13 03:00:00,15,-5,0.0,8.7,1,16,05:21 AM,03:30 PM,08:20 AM,05:56 PM,14,15,15,15,42,96,92,0.4,998,15,9,192,26,"trenton,nj"
2018-01-13 04:00:00,15,-5,0.0,8.7,1,16,05:21 AM,03:30 PM,08:20 AM,05:56 PM,10,11,12,11,37,97,86,0.2,1000,12,9,226,24,"trenton,nj"
2018-01-13 05:00:00,15,-5,0.0,8.7,1,16,05:21 AM,03:30 PM,08:20 AM,05:56 PM,6,7,10,7,33,98,80,0.0,1002,10,10,259,22,"trenton,nj"
2018-01-13 06:00:00,15,-5,0.0,8.7,1,16,05:21 AM,03:30 PM,08:20 AM,05:56 PM,2,3,7,3,29,99,73,0.0,1004,7,10,293,21,"trenton,nj"
2018-01-13 07:00:00,15,-5,0.0,8.7,1,16,05:21 AM,03:30 PM,08:20 AM,05:56 PM,-1,0,4,0,29,76,68,0.0,1006,4,10,301,22,"trenton,nj"
2018-01-13 08:00:00,15,-5,0.0,8.7,1,16,05:21 AM,03:30 PM,08:20 AM,05:56 PM,-4,-3,2,-3,30,54,64,0.0,1009,2,10,310,23,"trenton,nj"
2018-01-13 09:00:00,15,-5,0.0,8.7,1,16,05:21 AM,03:30 PM,08:20 AM,05:56 PM,-7,-6,0,-6,31,32,59,0.0,1012,0,10,318,25,"trenton,nj"
2018-01-13 10:00:00,15,-5,0.0,8.7,1,16,05:21 AM,03:30 PM,08:20 AM,05:56 PM,-7,-5,1,-5,27,27,55,0.0,1013,1,10,319,22,"trenton,nj"
2018-01-13 11:00:00,15,-5,0.0,8.7,1,16,05:21 AM,03:30 PM,08:20 AM,05:56 PM,-8,-4,1,-4,24,22,52,0.0,1014,1,10,319,20,"trenton,nj"
2018-01-13 12:00:00,15,-5,0.0,8.7,1,16,05:21 AM,03:30 PM,08:20 AM,05:56 PM,-8,-3,2,-3,20,17,48,0.0,1016,2,10,320,18,"trenton,nj"
2018-01-13 13:00:00,15,-5,0.0,8.7,1,16,05:21 AM,03:30 PM,08:20 AM,05:56 PM,-9,-4,1,-4,23,18,49,0.0,1017,1,10,322,20,"trenton,nj"
2018-01-13 14:00:00,15,-5,0.0,8.7,1,16,05:21 AM,03:30 PM,08:20 AM,05:56 PM,-9,-5,0,-5,27,19,50,0.0,1019,0,10,324,22,"trenton,nj"
2018-01-13 15:00:00,15,-5,0.0,8.7,1,16,05:21 AM,03:30 PM,08:20 AM,05:56 PM,-10,-7,-1,-7,30,20,50,0.0,1021,-1,10,326,24,"trenton,nj"
2018-01-13 16:00:00,15,-5,0.0,8.7,1,16,05:21 AM,03:30 PM,08:20 AM,05:56 PM,-11,-8,-2,-8,27,22,50,0.0,1022,-2,10,327,22,"trenton,nj"
2018-01-13 17:00:00,15,-5,0.0,8.7,1,16,05:21 AM,03:30 PM,08:20 AM,05:56 PM,-12,-9,-3,-9,25,23,49,0.0,1024,-3,10,328,19,"trenton,nj"
2018-01-13 18:00:00,15,-5,0.0,8.7,1,16,05:21 AM,03:30 PM,08:20 AM,05:56 PM,-13,-10,-4,-10,23,25,48,0.0,1025,-4,10,328,17,"trenton,nj"
2018-01-13 19:00:00,15,-5,0.0,8.7,1,16,05:21 AM,03:30 PM,08:20 AM,05:56 PM,-14,-11,-4,-11,25,21,45,0.0,1026,-4,10,330,19,"trenton,nj"
2018-01-13 20:00:00,15,-5,0.0,8.7,1,16,05:21 AM,03:30 PM,08:20 AM,05:56 PM,-16,-11,-5,-11,26,16,42,0.0,1028,-5,10,332,20,"trenton,nj"
2018-01-13 21:00:00,15,-5,0.0,8.7,1,16,05:21 AM,03:30 PM,08:20 AM,05:56 PM,-17,-12,-6,-12,28,11,39,0.0,1029,-5,10,334,21,"trenton,nj"
2018-01-13 22:00:00,15,-5,0.0,8.7,1,16,05:21 AM,03:30 PM,08:20 AM,05:56 PM,-18,-13,-6,-13,26,8,39,0.0,1030,-6,10,332,20,"trenton,nj"
2018-01-13 23:00:00,15,-5,0.0,8.7,1,16,05:21 AM,03:30 PM,08:20 AM,05:56 PM,-18,-13,-6,-13,23,4,39,0.0,1031,-6,10,331,19,"trenton,nj"
2018-01-14 00:00:00,-4,-9,0.0,8.7,2,9,06:14 AM,04:11 PM,08:20 AM,05:57 PM,-18,-13,-7,-13,21,0,39,0.0,1032,-7,10,329,18,"trenton,nj"
2018-01-14 01:00:00,-4,-9,0.0,8.7,2,9,06:14 AM,04:11 PM,08:20 AM,05:57 PM,-19,-14,-7,-14,22,0,39,0.0,1032,-7,10,332,18,"trenton,nj"
2018-01-14 02:00:00,-4,-9,0.0,8.7,2,9,06:14 AM,04:11 PM,08:20 AM,05:57 PM,-19,-14,-7,-14,22,0,40,0.0,1033,-7,10,335,18,"trenton,nj"
2018-01-14 03:00:00,-4,-9,0.0,8.7,2,9,06:14 AM,04:11 PM,08:20 AM,05:57 PM,-19,-15,-8,-15,23,0,40,0.0,1034,-8,10,338,18,"trenton,nj"
2018-01-14 04:00:00,-4,-9,0.0,8.7,2,9,06:14 AM,04:11 PM,08:20 AM,05:57 PM,-19,-15,-8,-15,21,0,40,0.0,1034,-8,10,338,17,"trenton,nj"
2018-01-14 05:00:00,-4,-9,0.0,8.7,2,9,06:14 AM,04:11 PM,08:20 AM,05:57 PM,-19,-15,-8,-15,19,0,41,0.0,1035,-8,10,338,16,"trenton,nj"
2018-01-14 06:00:00,-4,-9,0.0,8.7,2,9,06:14 AM,04:11 PM,08:20 AM,05:57 PM,-20,-15,-9,-15,17,0,41,0.0,1036,-9,10,338,14,"trenton,nj"
2018-01-14 07:00:00,-4,-9,0.0,8.7,2,9,06:14 AM,04:11 PM,08:20 AM,05:57 PM,-20,-15,-8,-15,18,0,39,0.0,1037,-8,10,341,15,"trenton,nj"
2018-01-14 08:00:00,-4,-9,0.0,8.7,2,9,06:14 AM,04:11 PM,08:20 AM,05:57 PM,-20,-14,-8,-14,18,0,36,0.0,1037,-8,10,343,15,"trenton,nj"
2018-01-14 09:00:00,-4,-9,0.0,8.7,2,9,06:14 AM,04:11 PM,08:20 AM,05:57 PM,-21,-14,-8,-14,18,0,34,0.0,1038,-7,10,345,16,"trenton,nj"
2018-01-14 10:00:00,-4,-9,0.0,8.7,2,9,06:14 AM,04:11 PM,08:20 AM,05:57 PM,-21,-12,-6,-12,17,0,31,0.0,1038,-7,10,347,14,"trenton,nj"
2018-01-14 11:00:00,-4,-9,0.0,8.7,2,9,06:14 AM,04:11 PM,08:20 AM,05:57 PM,-21,-10,-5,-10,15,0,29,0.0,1038,-6,10,350,13,"trenton,nj"
2018-01-14 12:00:00,-4,-9,0.0,8.7,2,9,06:14 AM,04:11 PM,08:20 AM,05:57 PM,-20,-8,-4,-8,13,0,26,0.0,1037,-5,10,352,12,"trenton,nj"
2018-01-14 13:00:00,-4,-9,0.0,8.7,2,9,06:14 AM,04:11 PM,08:20 AM,05:57 PM,-21,-8,-4,-8,13,0,25,0.0,1037,-5,10,235,12,"trenton,nj"
2018-01-14 14:00:00,-4,-9,0.0,8.7,2,9,06:14 AM,04:11 PM,08:20 AM,05:57 PM,-21,-8,-4,-8,13,0,24,0.0,1037,-4,10,119,12,"trenton,nj"
2018-01-14 15:00:00,-4,-9,0.0,8.7,2,9,06:14 AM,04:11 PM,08:20 AM,05:57 PM,-21,-8,-3,-8,13,0,24,0.0,1038,-4,10,3,12,"trenton,nj"
2018-01-14 16:00:00,-4,-9,0.0,8.7,2,9,06:14 AM,04:11 PM,08:20 AM,05:57 PM,-21,-8,-4,-8,13,7,25,0.0,1038,-5,10,8,11,"trenton,nj"
2018-01-14 17:00:00,-4,-9,0.0,8.7,2,9,06:14 AM,04:11 PM,08:20 AM,05:57 PM,-21,-9,-4,-9,13,14,27,0.0,1038,-5,10,13,10,"trenton,nj"
2018-01-14 18:00:00,-4,-9,0.0,8.7,2,9,06:14 AM,04:11 PM,08:20 AM,05:57 PM,-20,-9,-5,-9,12,21,28,0.0,1038,-5,10,19,9,"trenton,nj"
2018-01-14 19:00:00,-4,-9,0.0,8.7,2,9,06:14 AM,04:11 PM,08:20 AM,05:57 PM,-20,-9,-5,-9,13,16,30,0.0,1038,-5,10,23,9,"trenton,nj"
2018-01-14 20:00:00,-4,-9,0.0,8.7,2,9,06:14 AM,04:11 PM,08:20 AM,05:57 PM,-20,-10,-5,-10,14,11,31,0.0,1038,-6,10,27,10,"trenton,nj"
2018-01-14 21:00:00,-4,-9,0.0,8.7,2,9,06:14 AM,04:11 PM,08:20 AM,05:57 PM,-19,-10,-5,-10,14,6,32,0.0,1039,-6,10,31,10,"trenton,nj"
2018-01-14 22:00:00,-4,-9,0.0,8.7,2,9,06:14 AM,04:11 PM,08:20 AM,05:57 PM,-19,-11,-6,-11,17,5,36,0.0,1038,-6,10,27,12,"trenton,nj"
2018-01-14 23:00:00,-4,-9,0.0,8.7,2,9,06:14 AM,04:11 PM,08:20 AM,05:57 PM,-18,-12,-6,-12,19,5,40,0.0,1038,-7,10,22,13,"trenton,nj"
2018-01-15 00:00:00,-1,-7,0.0,5.2,2,1,07:04 AM,04:58 PM,08:19 AM,05:58 PM,-17,-13,-7,-13,21,4,43,0.0,1038,-7,10,18,15,"trenton,nj"
2018-01-15 01:00:00,-1,-7,0.0,5.2,2,1,07:04 AM,04:58 PM,08:19 AM,05:58 PM,-16,-13,-7,-13,21,30,46,0.0,1038,-7,10,21,15,"trenton,nj"
2018-01-15 02:00:00,-1,-7,0.0,5.2,2,1,07:04 AM,04:58 PM,08:19 AM,05:58 PM,-15,-12,-6,-12,21,56,49,0.0,1038,-6,10,25,15,"trenton,nj"
2018-01-15 03:00:00,-1,-7,0.0,5.2,2,1,07:04 AM,04:58 PM,08:19 AM,05:58 PM,-14,-12,-6,-12,20,81,52,0.0,1038,-6,10,28,14,"trenton,nj"
2018-01-15 04:00:00,-1,-7,0.0,5.2,2,1,07:04 AM,04:58 PM,08:19 AM,05:58 PM,-14,-12,-6,-12,21,84,57,0.0,1038,-6,10,29,15,"trenton,nj"
2018-01-15 05:00:00,-1,-7,0.0,5.2,2,1,07:04 AM,04:58 PM,08:19 AM,05:58 PM,-13,-13,-7,-13,22,87,61,0.0,1037,-7,10,29,15,"trenton,nj"
2018-01-15 06:00:00,-1,-7,0.0,5.2,2,1,07:04 AM,04:58 PM,08:19 AM,05:58 PM,-12,-13,-7,-13,23,90,66,0.0,1037,-7,10,30,16,"trenton,nj"
2018-01-15 07:00:00,-1,-7,0.0,5.2,2,1,07:04 AM,04:58 PM,08:19 AM,05:58 PM,-10,-11,-5,-11,23,90,67,0.0,1037,-5,10,39,17,"trenton,nj"
2018-01-15 08:00:00,-1,-7,0.0,5.2,2,1,07:04 AM,04:58 PM,08:19 AM,05:58 PM,-9,-10,-4,-10,23,90,68,0.0,1037,-4,10,47,17,"trenton,nj"
2018-01-15 09:00:00,-1,-7,0.0,5.2,2,1,07:04 AM,04:58 PM,08:19 AM,05:58 PM,-7,-8,-3,-8,23,91,70,0.0,1037,-3,10,56,18,"trenton,nj"
2018-01-15 10:00:00,-1,-7,0.0,5.2,2,1,07:04 AM,04:58 PM,08:19 AM,05:58 PM,-7,-7,-2,-7,20,90,69,0.0,1036,-2,10,52,16,"trenton,nj"
2018-01-15 11:00:00,-1,-7,0.0,5.2,2,1,07:04 AM,04:58 PM,08:19 AM,05:58 PM,-7,-6,-1,-6,18,89,67,0.0,1035,-1,10,47,14,"trenton,nj"
2018-01-15 12:00:00,-1,-7,0.0,5.2,2,1,07:04 AM,04:58 PM,08:19 AM,05:58 PM,-6,-5,-1,-5,16,88,66,0.0,1034,-1,10,43,13,"trenton,nj"
2018-01-15 13:00:00,-1,-7,0.0,5.2,2,1,07:04 AM,04:58 PM,08:19 AM,05:58 PM,-6,-5,-1,-5,16,73,67,0.0,1034,-1,10,50,13,"trenton,nj"
2018-01-15 14:00:00,-1,-7,0.0,5.2,2,1,07:04 AM,04:58 PM,08:19 AM,05:58 PM,-6,-5,-1,-5,16,58,67,0.0,1034,-1,10,58,13,"trenton,nj"
2018-01-15 15:00:00,-1,-7,0.0,5.2,2,1,07:04 AM,04:58 PM,08:19 AM,05:58 PM,-6,-5,-1,-5,17,43,68,0.0,1033,-1,10,65,13,"trenton,nj"
2018-01-15 16:00:00,-1,-7,0.0,5.2,2,1,07:04 AM,04:58 PM,08:19 AM,05:58 PM,-6,-5,-1,-5,15,48,70,0.0,1034,-1,10,65,11,"trenton,nj"
2018-01-15 17:00:00,-1,-7,0.0,5.2,2,1,07:04 AM,04:58 PM,08:19 AM,05:58 PM,-6,-5,-2,-5,13,52,71,0.0,1034,-2,10,64,9,"trenton,nj"
2018-01-15 18:00:00,-1,-7,0.0,5.2,2,1,07:04 AM,04:58 PM,08:19 AM,05:58 PM,-6,-5,-2,-5,11,57,73,0.0,1034,-2,10,64,7,"trenton,nj"
2018-01-15 19:00:00,-1,-7,0.0,5.2,2,1,07:04 AM,04:58 PM,08:19 AM,05:58 PM,-6,-5,-2,-5,11,49,75,0.0,1034,-2,10,62,7,"trenton,nj"
2018-01-15 20:00:00,-1,-7,0.0,5.2,2,1,07:04 AM,04:58 PM,08:19 AM,05:58 PM,-6,-5,-2,-5,10,40,77,0.0,1034,-3,10,61,7,"trenton,nj"
2018-01-15 21:00:00,-1,-7,0.0,5.2,2,1,07:04 AM,04:58 PM,08:19 AM,05:58 PM,-5,-5,-2,-5,10,32,80,0.0,1033,-3,10,59,6,"trenton,nj"
2018-01-15 22:00:00,-1,-7,0.0,5.2,2,1,07:04 AM,04:58 PM,08:19 AM,05:58 PM,-5,-5,-3,-5,10,48,82,0.0,1033,-3,10,45,6,"trenton,nj"
2018-01-15 23:00:00,-1,-7,0.0,5.2,2,1,07:04 AM,04:58 PM,08:19 AM,05:58 PM,-5,-5,-3,-5,9,65,84,0.0,1033,-3,10,31,6,"trenton,nj"
2018-01-16 00:00:00,4,-3,0.0,3.5,1,0,07:51 AM,05:49 PM,08:19 AM,05:59 PM,-5,-5,-3,-5,9,81,87,0.0,1033,-3,10,17,5,"trenton,nj"
2018-01-16 01:00:00,4,-3,0.0,3.5,1,0,07:51 AM,05:49 PM,08:19 AM,05:59 PM,-5,-5,-3,-5,9,87,86,0.0,1033,-3,10,26,6,"trenton,nj"
2018-01-16 02:00:00,4,-3,0.0,3.5,1,0,07:51 AM,05:49 PM,08:19 AM,05:59 PM,-5,-5,-3,-5,9,94,85,0.0,1033,-3,10,34,6,"trenton,nj"
2018-01-16 03:00:00,4,-3,0.0,3.5,1,0,07:51 AM,05:49 PM,08:19 AM,05:59 PM,-5,-5,-2,-5,10,100,84,0.0,1033,-3,10,42,6,"trenton,nj"
2018-01-16 04:00:00,4,-3,0.0,3.5,1,0,07:51 AM,05:49 PM,08:19 AM,05:59 PM,-4,-4,-2,-4,9,100,84,0.0,1033,-2,10,47,6,"trenton,nj"
2018-01-16 05:00:00,4,-3,0.0,3.5,1,0,07:51 AM,05:49 PM,08:19 AM,05:59 PM,-4,-4,-2,-4,9,100,85,0.0,1033,-2,10,52,6,"trenton,nj"
2018-01-16 06:00:00,4,-3,0.0,3.5,1,0,07:51 AM,05:49 PM,08:19 AM,05:59 PM,-4,-4,-2,-4,8,100,85,0.0,1033,-2,10,56,5,"trenton,nj"
2018-01-16 07:00:00,4,-3,0.0,3.5,1,0,07:51 AM,05:49 PM,08:19 AM,05:59 PM,-3,-3,-1,-3,9,95,83,0.0,1033,-1,10,77,6,"trenton,nj"
2018-01-16 08:00:00,4,-3,0.0,3.5,1,0,07:51 AM,05:49 PM,08:19 AM,05:59 PM,-3,-2,0,-2,10,90,80,0.0,1033,0,10,98,7,"trenton,nj"
2018-01-16 09:00:00,4,-3,0.0,3.5,1,0,07:51 AM,05:49 PM,08:19 AM,05:59 PM,-2,-1,1,-1,10,85,77,0.0,1033,1,10,118,8,"trenton,nj"
2018-01-16 10:00:00,4,-3,0.0,3.5,1,0,07:51 AM,05:49 PM,08:19 AM,05:59 PM,-2,1,2,1,8,90,75,0.0,1032,2,10,118,6,"trenton,nj"
2018-01-16 11:00:00,4,-3,0.0,3.5,1,0,07:51 AM,05:49 PM,08:19 AM,05:59 PM,-1,2,3,2,6,95,72,0.0,1032,3,10,117,4,"trenton,nj"
2018-01-16 12:00:00,4,-3,0.0,3.5,1,0,07:51 AM,05:49 PM,08:19 AM,05:59 PM,-1,4,4,4,3,100,70,0.0,1031,4,10,117,3,"trenton,nj"
2018-01-16 13:00:00,4,-3,0.0,3.5,1,0,07:51 AM,05:49 PM,08:19 AM,05:59 PM,-0,3,4,3,6,100,74,0.0,1031,3,10,109,4,"trenton,nj"
2018-01-16 14:00:00,4,-3,0.0,3.5,1,0,07:51 AM,05:49 PM,08:19 AM,05:59 PM,-0,2,3,2,8,100,79,0.0,1030,3,10,101,5,"trenton,nj"
2018-01-16 15:00:00,4,-3,0.0,3.5,1,0,07:51 AM,05:49 PM,08:19 AM,05:59 PM,-0,1,2,1,11,100,84,0.0,1030,2,10,94,6,"trenton,nj"
2018-01-16 16:00:00,4,-3,0.0,3.5,1,0,07:51 AM,05:49 PM,08:19 AM,05:59 PM,0,0,2,0,11,100,87,0.0,1030,2,10,86,6,"trenton,nj"
2018-01-16 17:00:00,4,-3,0.0,3.5,1,0,07:51 AM,05:49 PM,08:19 AM,05:59 PM,0,-0,2,-0,12,100,89,0.0,1029,2,10,78,6,"trenton,nj"
2018-01-16 18:00:00,4,-3,0.0,3.5,1,0,07:51 AM,05:49 PM,08:19 AM,05:59 PM,0,-0,2,-0,13,100,92,0.0,1029,1,10,70,6,"trenton,nj"
2018-01-16 19:00:00,4,-3,0.0,3.5,1,0,07:51 AM,05:49 PM,08:19 AM,05:59 PM,0,-1,1,-1,13,100,93,0.0,1029,1,7,69,7,"trenton,nj"
2018-01-16 20:00:00,4,-3,0.0,3.5,1,0,07:51 AM,05:49 PM,08:19 AM,05:59 PM,0,-1,1,-1,14,100,94,0.0,1028,1,5,69,7,"trenton,nj"
2018-01-16 21:00:00,4,-3,0.0,3.5,1,0,07:51 AM,05:49 PM,08:19 AM,05:59 PM,0,-1,1,-1,14,100,94,0.0,1028,1,2,68,7,"trenton,nj"
2018-01-16 22:00:00,4,-3,0.0,3.5,1,0,07:51 AM,05:49 PM,08:19 AM,05:59 PM,1,-1,1,-1,13,100,95,0.0,1027,1,2,61,6,"trenton,nj"
2018-01-16 23:00:00,4,-3,0.0,3.5,1,0,07:51 AM,05:49 PM,08:19 AM,05:59 PM,1,-0,2,-0,12,100,96,0.0,1026,1,2,53,6,"trenton,nj"
2018-01-17 00:00:00,1,-5,1.5,4.9,1,0,08:34 AM,06:43 PM,08:18 AM,06:00 PM,1,0,2,0,11,100,97,0.0,1026,1,2,46,5,"trenton,nj"
2018-01-17 01:00:00,1,-5,1.5,4.9,1,0,08:34 AM,06:43 PM,08:18 AM,06:00 PM,1,-0,2,-0,11,100,97,0.0,1025,1,2,139,6,"trenton,nj"
2018-01-17 02:00:00,1,-5,1.5,4.9,1,0,08:34 AM,06:43 PM,08:18 AM,06:00 PM,1,-0,2,-0,12,100,97,0.2,1025,1,2,231,7,"trenton,nj"
2018-01-17 03:00:00,1,-5,1.5,4.9,1,0,08:34 AM,06:43 PM,08:18 AM,06:00 PM,1,-1,2,-1,13,100,97,0.3,1025,1,2,323,7,"trenton,nj"
2018-01-17 04:00:00,1,-5,1.5,4.9,1,0,08:34 AM,06:43 PM,08:18 AM,06:00 PM,1,-1,1,-1,13,100,96,0.1,1025,1,5,325,8,"trenton,nj"
2018-01-17 05:00:00,1,-5,1.5,4.9,1,0,08:34 AM,06:43 PM,08:18 AM,06:00 PM,0,-2,1,-2,13,100,95,0.0,1025,1,7,327,8,"trenton,nj"
2018-01-17 06:00:00,1,-5,1.5,4.9,1,0,08:34 AM,06:43 PM,08:18 AM,06:00 PM,-0,-2,1,-2,13,100,93,0.0,1025,0,10,329,9,"trenton,nj"
2018-01-17 07:00:00,1,-5,1.5,4.9,1,0,08:34 AM,06:43 PM,08:18 AM,06:00 PM,-1,-3,0,-3,17,100,92,0.0,1026,0,7,322,12,"trenton,nj"
2018-01-17 08:00:00,1,-5,1.5,4.9,1,0,08:34 AM,06:43 PM,08:18 AM,06:00 PM,-1,-4,0,-4,20,100,91,0.6,1026,0,5,315,14,"trenton,nj"
2018-01-17 09:00:00,1,-5,1.5,4.9,1,0,08:34 AM,06:43 PM,08:18 AM,06:00 PM,-2,-5,-0,-5,23,100,90,0.7,1026,-0,2,308,17,"trenton,nj"
2018-01-17 10:00:00,1,-5,1.5,4.9,1,0,08:34 AM,06:43 PM,08:18 AM,06:00 PM,-2,-4,0,-4,21,100,88,0.4,1026,0,5,305,15,"trenton,nj"
2018-01-17 11:00:00,1,-5,1.5,4.9,1,0,08:34 AM,06:43 PM,08:18 AM,06:00 PM,-2,-4,0,-4,19,100,85,0.0,1025,0,7,302,14,"trenton,nj"
2018-01-17 12:00:00,1,-5,1.5,4.9,1,0,08:34 AM,06:43 PM,08:18 AM,06:00 PM,-2,-3,0,-3,17,100,83,0.0,1025,0,10,299,13,"trenton,nj"
2018-01-17 13:00:00,1,-5,1.5,4.9,1,0,08:34 AM,06:43 PM,08:18 AM,06:00 PM,-3,-5,-0,-5,19,100,81,0.0,1024,-0,8,301,14,"trenton,nj"
2018-01-17 14:00:00,1,-5,1.5,4.9,1,0,08:34 AM,06:43 PM,08:18 AM,06:00 PM,-4,-6,-1,-6,22,100,78,0.0,1024,-1,7,302,16,"trenton,nj"
2018-01-17 15:00:00,1,-5,1.5,4.9,1,0,08:34 AM,06:43 PM,08:18 AM,06:00 PM,-5,-7,-2,-7,24,100,76,0.0,1024,-2,5,304,17,"trenton,nj"
2018-01-17 16:00:00,1,-5,1.5,4.9,1,0,08:34 AM,06:43 PM,08:18 AM,06:00 PM,-6,-7,-2,-7,21,100,75,0.0,1024,-2,7,307,15,"trenton,nj"
2018-01-17 17:00:00,1,-5,1.5,4.9,1,0,08:34 AM,06:43 PM,08:18 AM,06:00 PM,-7,-7,-3,-7,18,100,74,0.0,1024,-3,8,309,13,"trenton,nj"
2018-01-17 18:00:00,1,-5,1.5,4.9,1,0,08:34 AM,06:43 PM,08:18 AM,06:00 PM,-8,-8,-3,-8,16,100,73,0.0,1024,-3,10,312,11,"trenton,nj"
2018-01-17 19:00:00,1,-5,1.5,4.9,1,0,08:34 AM,06:43 PM,08:18 AM,06:00 PM,-9,-9,-4,-9,20,86,70,0.0,1024,-4,10,317,14,"trenton,nj"
2018-01-17 20:00:00,1,-5,1.5,4.9,1,0,08:34 AM,06:43 PM,08:18 AM,06:00 PM,-10,-10,-5,-10,24,72,68,0.0,1023,-5,10,323,17,"trenton,nj"
2018-01-17 21:00:00,1,-5,1.5,4.9,1,0,08:34 AM,06:43 PM,08:18 AM,06:00 PM,-11,-12,-5,-12,28,57,66,0.0,1023,-5,10,328,20,"trenton,nj"
2018-01-17 22:00:00,1,-5,1.5,4.9,1,0,08:34 AM,06:43 PM,08:18 AM,06:00 PM,-11,-12,-6,-12,25,40,67,0.0,1023,-6,10,322,18,"trenton,nj"
2018-01-17 23:00:00,1,-5,1.5,4.9,1,0,08:34 AM,06:43 PM,08:18 AM,06:00 PM,-11,-12,-6,-12,22,22,67,0.0,1023,-6,10,316,16,"trenton,nj"
2018-01-18 00:00:00,-1,-7,0.0,9.8,2,6,09:13 AM,07:40 PM,08:18 AM,06:01 PM,-11,-12,-6,-12,19,5,68,0.0,1022,-6,10,310,14,"trenton,nj"
2018-01-18 01:00:00,-1,-7,0.0,9.8,2,6,09:13 AM,07:40 PM,08:18 AM,06:01 PM,-11,-12,-6,-12,21,4,68,0.0,1021,-6,10,313,15,"trenton,nj"
2018-01-18 02:00:00,-1,-7,0.0,9.8,2,6,09:13 AM,07:40 PM,08:18 AM,06:01 PM,-12,-13,-7,-13,22,4,68,0.0,1021,-7,10,317,16,"trenton,nj"
2018-01-18 03:00:00,-1,-7,0.0,9.8,2,6,09:13 AM,07:40 PM,08:18 AM,06:01 PM,-12,-13,-7,-13,24,3,68,0.0,1020,-7,10,320,17,"trenton,nj"
2018-01-18 04:00:00,-1,-7,0.0,9.8,2,6,09:13 AM,07:40 PM,08:18 AM,06:01 PM,-11,-12,-6,-12,20,2,68,0.0,1020,-7,10,309,15,"trenton,nj"
2018-01-18 05:00:00,-1,-7,0.0,9.8,2,6,09:13 AM,07:40 PM,08:18 AM,06:01 PM,-11,-11,-6,-11,15,1,67,0.0,1020,-7,10,297,12,"trenton,nj"
2018-01-18 06:00:00,-1,-7,0.0,9.8,2,6,09:13 AM,07:40 PM,08:18 AM,06:01 PM,-11,-10,-5,-10,11,0,67,0.0,1020,-7,10,285,9,"trenton,nj"
2018-01-18 07:00:00,-1,-7,0.0,9.8,2,6,09:13 AM,07:40 PM,08:18 AM,06:01 PM,-11,-10,-5,-10,15,0,62,0.0,1019,-6,10,294,13,"trenton,nj"
2018-01-18 08:00:00,-1,-7,0.0,9.8,2,6,09:13 AM,07:40 PM,08:18 AM,06:01 PM,-12,-10,-5,-10,19,0,58,0.0,1019,-5,10,303,16,"trenton,nj"
2018-01-18 09:00:00,-1,-7,0.0,9.8,2,6,09:13 AM,07:40 PM,08:18 AM,06:01 PM,-12,-10,-4,-10,24,0,53,0.0,1019,-4,10,311,19,"trenton,nj"
2018-01-18 10:00:00,-1,-7,0.0,9.8,2,6,09:13 AM,07:40 PM,08:18 AM,06:01 PM,-12,-9,-3,-9,21,0,51,0.0,1018,-3,10,305,18,"trenton,nj"
2018-01-18 11:00:00,-1,-7,0.0,9.8,2,6,09:13 AM,07:40 PM,08:18 AM,06:01 PM,-11,-7,-2,-7,19,0,49,0.0,1017,-2,10,299,16,"trenton,nj"
2018-01-18 12:00:00,-1,-7,0.0,9.8,2,6,09:13 AM,07:40 PM,08:18 AM,06:01 PM,-11,-6,-1,-6,17,0,47,0.0,1016,-1,10,293,15,"trenton,nj"
2018-01-18 13:00:00,-1,-7,0.0,9.8,2,6,09:13 AM,07:40 PM,08:18 AM,06:01 PM,-10,-6,-1,-6,20,0,50,0.0,1016,-1,10,293,16,"trenton,nj"
2018-01-18 14:00:00,-1,-7,0.0,9.8,2,6,09:13 AM,07:40 PM,08:18 AM,06:01 PM,-9,-6,-1,-6,22,0,53,0.0,1016,-1,10,294,17,"trenton,nj"
2018-01-18 15:00:00,-1,-7,0.0,9.8,2,6,09:13 AM,07:40 PM,08:18 AM,06:01 PM,-8,-6,-1,-6,25,0,55,0.0,1016,-1,10,295,18,"trenton,nj"
2018-01-18 16:00:00,-1,-7,0.0,9.8,2,6,09:13 AM,07:40 PM,08:18 AM,06:01 PM,-7,-4,-0,-4,18,0,60,0.0,1017,-1,10,293,14,"trenton,nj"
2018-01-18 17:00:00,-1,-7,0.0,9.8,2,6,09:13 AM,07:40 PM,08:18 AM,06:01 PM,-6,-3,-0,-3,12,0,65,0.0,1017,-2,10,292,9,"trenton,nj"
2018-01-18 18:00:00,-1,-7,0.0,9.8,2,6,09:13 AM,07:40 PM,08:18 AM,06:01 PM,-5,-1,0,-1,6,0,70,0.0,1018,-2,10,291,5,"trenton,nj"
2018-01-18 19:00:00,-1,-7,0.0,9.8,2,6,09:13 AM,07:40 PM,08:18 AM,06:01 PM,-5,-2,-0,-2,7,0,71,0.0,1018,-3,10,294,6,"trenton,nj"
2018-01-18 20:00:00,-1,-7,0.0,9.8,2,6,09:13 AM,07:40 PM,08:18 AM,06:01 PM,-5,-3,-1,-3,8,0,72,0.0,1019,-3,10,296,6,"trenton,nj"
2018-01-18 21:00:00,-1,-7,0.0,9.8,2,6,09:13 AM,07:40 PM,08:18 AM,06:01 PM,-5,-4,-1,-4,9,0,73,0.0,1020,-3,10,299,7,"trenton,nj"
2018-01-18 22:00:00,-1,-7,0.0,9.8,2,6,09:13 AM,07:40 PM,08:18 AM,06:01 PM,-5,-3,-1,-3,7,1,73,0.0,1019,-3,10,275,6,"trenton,nj"
2018-01-18 23:00:00,-1,-7,0.0,9.8,2,6,09:13 AM,07:40 PM,08:18 AM,06:01 PM,-6,-2,-1,-2,5,3,73,0.0,1019,-4,10,251,4,"trenton,nj"
2018-01-19 00:00:00,4,-4,0.0,9.9,2,13,09:49 AM,08:37 PM,08:17 AM,06:02 PM,-6,-2,-2,-2,3,4,73,0.0,1019,-4,10,228,3,"trenton,nj"
2018-01-19 01:00:00,4,-4,0.0,9.9,2,13,09:49 AM,08:37 PM,08:17 AM,06:02 PM,-5,-2,-2,-2,5,3,74,0.0,1019,-4,10,235,4,"trenton,nj"
2018-01-19 02:00:00,4,-4,0.0,9.9,2,13,09:49 AM,08:37 PM,08:17 AM,06:02 PM,-5,-3,-1,-3,7,2,75,0.0,1019,-4,10,243,6,"trenton,nj"
2018-01-19 03:00:00,4,-4,0.0,9.9,2,13,09:49 AM,08:37 PM,08:17 AM,06:02 PM,-5,-4,-1,-4,9,0,75,0.0,1019,-4,10,250,8,"trenton,nj"
2018-01-19 04:00:00,4,-4,0.0,9.9,2,13,09:49 AM,08:37 PM,08:17 AM,06:02 PM,-5,-5,-2,-5,10,8,77,0.0,1019,-4,10,245,7,"trenton,nj"
2018-01-19 05:00:00,4,-4,0.0,9.9,2,13,09:49 AM,08:37 PM,08:17 AM,06:02 PM,-6,-5,-2,-5,11,15,78,0.0,1019,-4,10,240,7,"trenton,nj"
2018-01-19 06:00:00,4,-4,0.0,9.9,2,13,09:49 AM,08:37 PM,08:17 AM,06:02 PM,-6,-6,-3,-6,13,22,79,0.0,1020,-4,10,235,6,"trenton,nj"
2018-01-19 07:00:00,4,-4,0.0,9.9,2,13,09:49 AM,08:37 PM,08:17 AM,06:02 PM,-6,-5,-2,-5,15,16,72,0.0,1020,-2,10,245,9,"trenton,nj"
2018-01-19 08:00:00,4,-4,0.0,9.9,2,13,09:49 AM,08:37 PM,08:17 AM,06:02 PM,-7,-4,-1,-4,17,10,65,0.0,1020,-1,10,254,11,"trenton,nj"
2018-01-19 09:00:00,4,-4,0.0,9.9,2,13,09:49 AM,08:37 PM,08:17 AM,06:02 PM,-7,-3,1,-3,19,4,57,0.0,1020,1,10,264,14,"trenton,nj"
2018-01-19 10:00:00,4,-4,0.0,9.9,2,13,09:49 AM,08:37 PM,08:17 AM,06:02 PM,-6,-2,2,-2,17,6,55,0.0,1019,2,10,263,13,"trenton,nj"
2018-01-19 11:00:00,4,-4,0.0,9.9,2,13,09:49 AM,08:37 PM,08:17 AM,06:02 PM,-6,-0,3,-0,16,8,54,0.0,1018,3,10,262,12,"trenton,nj"
2018-01-19 12:00:00,4,-4,0.0,9.9,2,13,09:49 AM,08:37 PM,08:17 AM,06:02 PM,-5,1,4,1,15,11,52,0.0,1017,4,10,261,12,"trenton,nj"
2018-01-19 13:00:00,4,-4,0.0,9.9,2,13,09:49 AM,08:37 PM,08:17 AM,06:02 PM,-4,1,4,1,14,14,57,0.0,1017,3,10,255,11,"trenton,nj"
2018-01-19 14:00:00,4,-4,0.0,9.9,2,13,09:49 AM,08:37 PM,08:17 AM,06:02 PM,-3,1,3,1,14,18,61,0.0,1017,3,10,249,9,"trenton,nj"
2018-01-19 15:00:00,4,-4,0.0,9.9,2,13,09:49 AM,08:37 PM,08:17 AM,06:02 PM,-3,1,3,1,14,21,66,0.0,1017,2,10,243,8,"trenton,nj"
2018-01-19 16:00:00,4,-4,0.0,9.9,2,13,09:49 AM,08:37 PM,08:17 AM,06:02 PM,-3,0,3,0,15,16,66,0.0,1017,2,10,232,8,"trenton,nj"
2018-01-19 17:00:00,4,-4,0.0,9.9,2,13,09:49 AM,08:37 PM,08:17 AM,06:02 PM,-4,-0,2,-0,16,11,66,0.0,1017,1,10,221,8,"trenton,nj"
2018-01-19 18:00:00,4,-4,0.0,9.9,2,13,09:49 AM,08:37 PM,08:17 AM,06:02 PM,-4,-1,2,-1,17,7,65,0.0,1017,1,10,210,8,"trenton,nj"
2018-01-19 19:00:00,4,-4,0.0,9.9,2,13,09:49 AM,08:37 PM,08:17 AM,06:02 PM,-5,-1,1,-1,18,5,62,0.0,1017,1,10,215,9,"trenton,nj"
2018-01-19 20:00:00,4,-4,0.0,9.9,2,13,09:49 AM,08:37 PM,08:17 AM,06:02 PM,-6,-2,1,-2,20,4,60,0.0,1017,0,10,220,9,"trenton,nj"
2018-01-19 21:00:00,4,-4,0.0,9.9,2,13,09:49 AM,08:37 PM,08:17 AM,06:02 PM,-7,-2,1,-2,21,2,57,0.0,1017,0,10,225,10,"trenton,nj"
2018-01-19 22:00:00,4,-4,0.0,9.9,2,13,09:49 AM,08:37 PM,08:17 AM,06:02 PM,-7,-2,1,-2,21,2,54,0.0,1016,0,10,225,10,"trenton,nj"
2018-01-19 23:00:00,4,-4,0.0,9.9,2,13,09:49 AM,08:37 PM,08:17 AM,06:02 PM,-8,-2,1,-2,22,2,52,0.0,1016,0,10,225,10,"trenton,nj"
2018-01-20 00:00:00,9,0,0.0,9.9,2,20,10:21 AM,09:37 PM,08:17 AM,06:03 PM,-8,-2,1,-2,22,3,50,0.0,1015,0,10,225,10,"trenton,nj"
2018-01-20 01:00:00,9,0,0.0,9.9,2,20,10:21 AM,09:37 PM,08:17 AM,06:03 PM,-8,-2,1,-2,24,4,51,0.0,1015,1,10,230,11,"trenton,nj"
2018-01-20 02:00:00,9,0,0.0,9.9,2,20,10:21 AM,09:37 PM,08:17 AM,06:03 PM,-8,-3,1,-3,25,5,52,0.0,1015,1,10,236,12,"trenton,nj"
2018-01-20 03:00:00,9,0,0.0,9.9,2,20,10:21 AM,09:37 PM,08:17 AM,06:03 PM,-7,-3,1,-3,27,7,54,0.0,1015,1,10,241,13,"trenton,nj"
2018-01-20 04:00:00,9,0,0.0,9.9,2,20,10:21 AM,09:37 PM,08:17 AM,06:03 PM,-7,-3,1,-3,27,8,52,0.0,1014,1,10,237,13,"trenton,nj"
2018-01-20 05:00:00,9,0,0.0,9.9,2,20,10:21 AM,09:37 PM,08:17 AM,06:03 PM,-7,-2,2,-2,28,10,51,0.0,1014,1,10,233,13,"trenton,nj"
2018-01-20 06:00:00,9,0,0.0,9.9,2,20,10:21 AM,09:37 PM,08:17 AM,06:03 PM,-8,-2,2,-2,28,11,50,0.0,1014,2,10,229,13,"trenton,nj"
2018-01-20 07:00:00,9,0,0.0,9.9,2,20,10:21 AM,09:37 PM,08:17 AM,06:03 PM,-6,-0,3,-0,29,10,49,0.0,1014,3,10,238,15,"trenton,nj"
2018-01-20 08:00:00,9,0,0.0,9.9,2,20,10:21 AM,09:37 PM,08:17 AM,06:03 PM,-5,1,5,1,31,9,48,0.0,1015,5,10,246,18,"trenton,nj"
2018-01-20 09:00:00,9,0,0.0,9.9,2,20,10:21 AM,09:37 PM,08:17 AM,06:03 PM,-4,2,6,2,32,8,47,0.0,1015,6,10,255,20,"trenton,nj"
2018-01-20 10:00:00,9,0,0.0,9.9,2,20,10:21 AM,09:37 PM,08:17 AM,06:03 PM,-3,4,7,4,28,10,50,0.0,1014,7,10,256,18,"trenton,nj"
2018-01-20 11:00:00,9,0,0.0,9.9,2,20,10:21 AM,09:37 PM,08:17 AM,06:03 PM,-1,5,8,5,24,12,54,0.0,1013,8,10,258,15,"trenton,nj"
2018-01-20 12:00:00,9,0,0.0,9.9,2,20,10:21 AM,09:37 PM,08:17 AM,06:03 PM,1,7,9,7,21,14,57,0.0,1013,9,10,260,13,"trenton,nj"
2018-01-20 13:00:00,9,0,0.0,9.9,2,20,10:21 AM,09:37 PM,08:17 AM,06:03 PM,2,6,8,6,20,13,63,0.0,1013,8,10,261,12,"trenton,nj"
2018-01-20 14:00:00,9,0,0.0,9.9,2,20,10:21 AM,09:37 PM,08:17 AM,06:03 PM,2,6,8,6,20,12,68,0.0,1014,7,10,261,11,"trenton,nj"
2018-01-20 15:00:00,9,0,0.0,9.9,2,20,10:21 AM,09:37 PM,08:17 AM,06:03 PM,3,5,7,5,20,11,74,0.0,1014,7,10,262,10,"trenton,nj"
2018-01-20 16:00:00,9,0,0.0,9.9,2,20,10:21 AM,09:37 PM,08:17 AM,06:03 PM,3,4,6,4,18,9,77,0.0,1015,6,10,265,9,"trenton,nj"
2018-01-20 17:00:00,9,0,0.0,9.9,2,20,10:21 AM,09:37 PM,08:17 AM,06:03 PM,2,4,6,4,16,7,81,0.0,1016,5,10,268,8,"trenton,nj"
2018-01-20 18:00:00,9,0,0.0,9.9,2,20,10:21 AM,09:37 PM,08:17 AM,06:03 PM,2,3,5,3,14,5,84,0.0,1016,4,10,270,7,"trenton,nj"
2018-01-20 19:00:00,9,0,0.0,9.9,2,20,10:21 AM,09:37 PM,08:17 AM,06:03 PM,2,3,4,3,15,6,86,0.0,1017,3,10,276,7,"trenton,nj"
2018-01-20 20:00:00,9,0,0.0,9.9,2,20,10:21 AM,09:37 PM,08:17 AM,06:03 PM,2,2,4,2,16,6,88,0.0,1018,3,10,282,8,"trenton,nj"
2018-01-20 21:00:00,9,0,0.0,9.9,2,20,10:21 AM,09:37 PM,08:17 AM,06:03 PM,2,1,3,1,17,7,89,0.0,1019,3,10,288,8,"trenton,nj"
2018-01-20 22:00:00,9,0,0.0,9.9,2,20,10:21 AM,09:37 PM,08:17 AM,06:03 PM,2,1,3,1,16,6,90,0.0,1019,2,10,282,8,"trenton,nj"
2018-01-20 23:00:00,9,0,0.0,9.9,2,20,10:21 AM,09:37 PM,08:17 AM,06:03 PM,2,1,3,1,15,6,90,0.0,1019,2,10,276,7,"trenton,nj"
2018-01-21 00:00:00,10,1,0.0,8.3,3,28,10:52 AM,10:37 PM,08:16 AM,06:04 PM,2,1,3,1,14,6,90,0.0,1019,2,10,271,7,"trenton,nj"
2018-01-21 01:00:00,10,1,0.0,8.3,3,28,10:52 AM,10:37 PM,08:16 AM,06:04 PM,2,1,3,1,15,7,92,0.0,1019,2,10,275,7,"trenton,nj"
2018-01-21 02:00:00,10,1,0.0,8.3,3,28,10:52 AM,10:37 PM,08:16 AM,06:04 PM,1,0,2,0,16,9,93,0.0,1020,2,10,280,8,"trenton,nj"
2018-01-21 03:00:00,10,1,0.0,8.3,3,28,10:52 AM,10:37 PM,08:16 AM,06:04 PM,1,-0,2,-0,17,11,94,0.0,1020,1,10,284,8,"trenton,nj"
2018-01-21 04:00:00,10,1,0.0,8.3,3,28,10:52 AM,10:37 PM,08:16 AM,06:04 PM,1,0,2,0,16,8,93,0.0,1021,1,10,274,8,"trenton,nj"
2018-01-21 05:00:00,10,1,0.0,8.3,3,28,10:52 AM,10:37 PM,08:16 AM,06:04 PM,2,1,3,1,15,5,93,0.0,1021,1,10,265,7,"trenton,nj"
2018-01-21 06:00:00,10,1,0.0,8.3,3,28,10:52 AM,10:37 PM,08:16 AM,06:04 PM,2,1,3,1,14,3,93,0.0,1022,1,10,255,7,"trenton,nj"
2018-01-21 07:00:00,10,1,0.0,8.3,3,28,10:52 AM,10:37 PM,08:16 AM,06:04 PM,3,4,5,4,11,2,87,0.0,1022,3,10,281,6,"trenton,nj"
2018-01-21 08:00:00,10,1,0.0,8.3,3,28,10:52 AM,10:37 PM,08:16 AM,06:04 PM,4,7,7,7,8,2,81,0.0,1022,4,10,308,5,"trenton,nj"
2018-01-21 09:00:00,10,1,0.0,8.3,3,28,10:52 AM,10:37 PM,08:16 AM,06:04 PM,5,9,10,9,5,2,76,0.0,1023,6,10,334,4,"trenton,nj"
2018-01-21 10:00:00,10,1,0.0,8.3,3,28,10:52 AM,10:37 PM,08:16 AM,06:04 PM,5,10,10,10,5,13,70,0.0,1023,7,10,315,5,"trenton,nj"
2018-01-21 11:00:00,10,1,0.0,8.3,3,28,10:52 AM,10:37 PM,08:16 AM,06:04 PM,4,10,10,10,6,25,64,0.0,1022,9,10,297,5,"trenton,nj"
2018-01-21 12:00:00,10,1,0.0,8.3,3,28,10:52 AM,10:37 PM,08:16 AM,06:04 PM,3,10,11,10,6,36,58,0.0,1022,10,10,279,5,"trenton,nj"
2018-01-21 13:00:00,10,1,0.0,8.3,3,28,10:52 AM,10:37 PM,08:16 AM,06:04 PM,3,10,10,10,6,50,63,0.0,1022,9,10,273,5,"trenton,nj"
2018-01-21 14:00:00,10,1,0.0,8.3,3,28,10:52 AM,10:37 PM,08:16 AM,06:04 PM,3,9,9,9,7,64,67,0.0,1022,8,10,267,4,"trenton,nj"
2018-01-21 15:00:00,10,1,0.0,8.3,3,28,10:52 AM,10:37 PM,08:16 AM,06:04 PM,3,8,8,8,7,78,71,0.0,1022,8,10,262,4,"trenton,nj"
2018-01-21 16:00:00,10,1,0.0,8.3,3,28,10:52 AM,10:37 PM,08:16 AM,06:04 PM,3,8,8,8,7,85,73,0.0,1022,7,10,239,4,"trenton,nj"
2018-01-21 17:00:00,10,1,0.0,8.3,3,28,10:52 AM,10:37 PM,08:16 AM,06:04 PM,3,7,7,7,6,93,74,0.0,1022,7,10,216,3,"trenton,nj"
2018-01-21 18:00:00,10,1,0.0,8.3,3,28,10:52 AM,10:37 PM,08:16 AM,06:04 PM,3,7,7,7,6,100,76,0.0,1022,6,10,194,3,"trenton,nj"
2018-01-21 19:00:00,10,1,0.0,8.3,3,28,10:52 AM,10:37 PM,08:16 AM,06:04 PM,3,6,7,6,8,100,77,0.0,1022,6,10,186,4,"trenton,nj"
2018-01-21 20:00:00,10,1,0.0,8.3,3,28,10:52 AM,10:37 PM,08:16 AM,06:04 PM,3,6,6,6,11,100,78,0.0,1022,6,10,179,6,"trenton,nj"
2018-01-21 21:00:00,10,1,0.0,8.3,3,28,10:52 AM,10:37 PM,08:16 AM,06:04 PM,3,5,6,5,13,100,79,0.0,1022,6,10,171,7,"trenton,nj"
2018-01-21 22:00:00,10,1,0.0,8.3,3,28,10:52 AM,10:37 PM,08:16 AM,06:04 PM,3,5,6,5,12,97,81,0.0,1022,6,10,174,6,"trenton,nj"
2018-01-21 23:00:00,10,1,0.0,8.3,3,28,10:52 AM,10:37 PM,08:16 AM,06:04 PM,3,6,6,6,10,95,82,0.0,1022,6,10,176,5,"trenton,nj"
2018-01-22 00:00:00,13,5,0.0,8.3,2,35,11:22 AM,11:38 PM,08:16 AM,06:06 PM,4,6,6,6,8,92,84,0.0,1021,6,10,179,4,"trenton,nj"
2018-01-22 01:00:00,13,5,0.0,8.3,2,35,11:22 AM,11:38 PM,08:16 AM,06:06 PM,4,6,6,6,8,85,86,0.0,1021,6,10,192,4,"trenton,nj"
2018-01-22 02:00:00,13,5,0.0,8.3,2,35,11:22 AM,11:38 PM,08:16 AM,06:06 PM,4,5,6,5,9,78,88,0.0,1021,6,10,205,5,"trenton,nj"
2018-01-22 03:00:00,13,5,0.0,8.3,2,35,11:22 AM,11:38 PM,08:16 AM,06:06 PM,5,5,6,5,10,71,90,0.0,1021,6,10,218,5,"trenton,nj"
2018-01-22 04:00:00,13,5,0.0,8.3,2,35,11:22 AM,11:38 PM,08:16 AM,06:06 PM,5,5,6,5,9,66,92,0.0,1021,6,7,197,5,"trenton,nj"
2018-01-22 05:00:00,13,5,0.0,8.3,2,35,11:22 AM,11:38 PM,08:16 AM,06:06 PM,5,5,6,5,8,61,93,0.0,1021,5,5,176,4,"trenton,nj"
2018-01-22 06:00:00,13,5,0.0,8.3,2,35,11:22 AM,11:38 PM,08:16 AM,06:06 PM,5,6,6,6,7,55,94,0.0,1021,5,2,156,4,"trenton,nj"
2018-01-22 07:00:00,13,5,0.0,8.3,2,35,11:22 AM,11:38 PM,08:16 AM,06:06 PM,5,6,6,6,7,67,93,0.0,1022,6,5,144,3,"trenton,nj"
2018-01-22 08:00:00,13,5,0.0,8.3,2,35,11:22 AM,11:38 PM,08:16 AM,06:06 PM,6,7,7,7,6,79,92,0.0,1022,6,7,132,3,"trenton,nj"
2018-01-22 09:00:00,13,5,0.0,8.3,2,35,11:22 AM,11:38 PM,08:16 AM,06:06 PM,6,7,7,7,6,91,92,0.0,1022,7,10,121,3,"trenton,nj"
2018-01-22 10:00:00,13,5,0.0,8.3,2,35,11:22 AM,11:38 PM,08:16 AM,06:06 PM,7,9,9,9,5,82,85,0.0,1022,9,10,110,3,"trenton,nj"
2018-01-22 11:00:00,13,5,0.0,8.3,2,35,11:22 AM,11:38 PM,08:16 AM,06:06 PM,7,11,11,11,4,73,78,0.0,1022,11,10,100,3,"trenton,nj"
2018-01-22 12:00:00,13,5,0.0,8.3,2,35,11:22 AM,11:38 PM,08:16 AM,06:06 PM,8,13,13,13,3,64,72,0.0,1021,13,10,90,3,"trenton,nj"
2018-01-22 13:00:00,13,5,0.0,8.3,2,35,11:22 AM,11:38 PM,08:16 AM,06:06 PM,8,12,12,12,7,59,77,0.0,1021,12,10,98,4,"trenton,nj"
2018-01-22 14:00:00,13,5,0.0,8.3,2,35,11:22 AM,11:38 PM,08:16 AM,06:06 PM,8,10,11,10,10,55,81,0.0,1021,11,10,105,6,"trenton,nj"
2018-01-22 15:00:00,13,5,0.0,8.3,2,35,11:22 AM,11:38 PM,08:16 AM,06:06 PM,8,9,10,9,14,50,86,0.0,1020,10,10,113,7,"trenton,nj"
2018-01-22 16:00:00,13,5,0.0,8.3,2,35,11:22 AM,11:38 PM,08:16 AM,06:06 PM,7,9,9,9,12,38,88,0.0,1020,9,10,105,6,"trenton,nj"
2018-01-22 17:00:00,13,5,0.0,8.3,2,35,11:22 AM,11:38 PM,08:16 AM,06:06 PM,7,9,9,9,10,26,90,0.0,1020,8,10,97,5,"trenton,nj"
2018-01-22 18:00:00,13,5,0.0,8.3,2,35,11:22 AM,11:38 PM,08:16 AM,06:06 PM,7,8,8,8,8,13,93,0.0,1020,7,10,89,4,"trenton,nj"
2018-01-22 19:00:00,13,5,0.0,8.3,2,35,11:22 AM,11:38 PM,08:16 AM,06:06 PM,6,7,8,7,11,12,90,0.0,1019,7,10,106,5,"trenton,nj"
2018-01-22 20:00:00,13,5,0.0,8.3,2,35,11:22 AM,11:38 PM,08:16 AM,06:06 PM,6,7,8,7,15,11,88,0.0,1019,7,10,124,7,"trenton,nj"
2018-01-22 21:00:00,13,5,0.0,8.3,2,35,11:22 AM,11:38 PM,08:16 AM,06:06 PM,5,6,7,6,19,10,85,0.0,1018,7,10,142,9,"trenton,nj"
2018-01-22 22:00:00,13,5,0.0,8.3,2,35,11:22 AM,11:38 PM,08:16 AM,06:06 PM,6,6,8,6,19,20,88,0.0,1017,7,10,149,9,"trenton,nj"
2018-01-22 23:00:00,13,5,0.0,8.3,2,35,11:22 AM,11:38 PM,08:16 AM,06:06 PM,6,6,8,6,19,29,90,0.0,1017,7,10,156,9,"trenton,nj"
2018-01-23 00:00:00,16,6,0.0,6.6,4,42,11:52 AM,No moonset,08:15 AM,06:07 PM,7,6,8,6,19,38,92,0.0,1016,7,10,163,9,"trenton,nj"
2018-01-23 01:00:00,16,6,0.0,6.6,4,42,11:52 AM,No moonset,08:15 AM,06:07 PM,7,6,8,6,21,42,93,0.0,1015,8,7,165,10,"trenton,nj"
2018-01-23 02:00:00,16,6,0.0,6.6,4,42,11:52 AM,No moonset,08:15 AM,06:07 PM,7,6,8,6,23,45,94,0.0,1014,8,5,167,11,"trenton,nj"
2018-01-23 03:00:00,16,6,0.0,6.6,4,42,11:52 AM,No moonset,08:15 AM,06:07 PM,7,6,8,6,25,48,95,0.0,1013,8,2,168,12,"trenton,nj"
2018-01-23 04:00:00,16,6,0.0,6.6,4,42,11:52 AM,No moonset,08:15 AM,06:07 PM,8,7,9,7,26,65,95,0.0,1012,9,5,174,13,"trenton,nj"
2018-01-23 05:00:00,16,6,0.0,6.6,4,42,11:52 AM,No moonset,08:15 AM,06:07 PM,9,8,10,8,28,83,95,0.0,1010,10,7,179,14,"trenton,nj"
2018-01-23 06:00:00,16,6,0.0,6.6,4,42,11:52 AM,No moonset,08:15 AM,06:07 PM,10,9,11,9,29,100,96,0.0,1009,11,10,185,15,"trenton,nj"
2018-01-23 07:00:00,16,6,0.0,6.6,4,42,11:52 AM,No moonset,08:15 AM,06:07 PM,11,10,12,10,34,100,94,0.0,1008,12,9,185,19,"trenton,nj"
2018-01-23 08:00:00,16,6,0.0,6.6,4,42,11:52 AM,No moonset,08:15 AM,06:07 PM,12,11,13,11,40,100,93,2.0,1007,13,7,186,22,"trenton,nj"
2018-01-23 09:00:00,16,6,0.0,6.6,4,42,11:52 AM,No moonset,08:15 AM,06:07 PM,13,12,14,12,45,100,92,2.7,1005,14,6,187,26,"trenton,nj"
2018-01-23 10:00:00,16,6,0.0,6.6,4,42,11:52 AM,No moonset,08:15 AM,06:07 PM,13,13,15,13,36,98,88,1.3,1004,15,7,217,21,"trenton,nj"
2018-01-23 11:00:00,16,6,0.0,6.6,4,42,11:52 AM,No moonset,08:15 AM,06:07 PM,13,15,15,15,28,95,85,0.0,1003,15,9,246,17,"trenton,nj"
2018-01-23 12:00:00,16,6,0.0,6.6,4,42,11:52 AM,No moonset,08:15 AM,06:07 PM,13,16,16,16,19,93,81,0.0,1001,16,10,276,13,"trenton,nj"
2018-01-23 13:00:00,16,6,0.0,6.6,4,42,11:52 AM,No moonset,08:15 AM,06:07 PM,12,15,15,15,20,93,80,0.0,1002,15,10,283,13,"trenton,nj"
2018-01-23 14:00:00,16,6,0.0,6.6,4,42,11:52 AM,No moonset,08:15 AM,06:07 PM,11,14,14,14,20,93,79,0.3,1003,14,10,291,14,"trenton,nj"
2018-01-23 15:00:00,16,6,0.0,6.6,4,42,11:52 AM,No moonset,08:15 AM,06:07 PM,10,12,14,12,21,92,78,0.3,1003,13,10,298,14,"trenton,nj"
2018-01-23 16:00:00,16,6,0.0,6.6,4,42,11:52 AM,No moonset,08:15 AM,06:07 PM,7,11,12,11,20,63,74,0.2,1004,12,10,291,13,"trenton,nj"
2018-01-23 17:00:00,16,6,0.0,6.6,4,42,11:52 AM,No moonset,08:15 AM,06:07 PM,5,9,11,9,18,33,70,0.0,1005,10,10,284,11,"trenton,nj"
2018-01-23 18:00:00,16,6,0.0,6.6,4,42,11:52 AM,No moonset,08:15 AM,06:07 PM,3,8,9,8,17,3,66,0.0,1006,8,10,277,10,"trenton,nj"
2018-01-23 19:00:00,16,6,0.0,6.6,4,42,11:52 AM,No moonset,08:15 AM,06:07 PM,2,6,8,6,21,2,66,0.0,1007,8,10,279,12,"trenton,nj"
2018-01-23 20:00:00,16,6,0.0,6.6,4,42,11:52 AM,No moonset,08:15 AM,06:07 PM,1,5,7,5,25,1,66,0.0,1008,7,10,282,14,"trenton,nj"
2018-01-23 21:00:00,16,6,0.0,6.6,4,42,11:52 AM,No moonset,08:15 AM,06:07 PM,0,3,6,3,29,0,66,0.0,1009,6,10,284,16,"trenton,nj"
2018-01-23 22:00:00,16,6,0.0,6.6,4,42,11:52 AM,No moonset,08:15 AM,06:07 PM,1,3,6,3,23,1,68,0.0,1009,6,10,266,13,"trenton,nj"
2018-01-23 23:00:00,16,6,0.0,6.6,4,42,11:52 AM,No moonset,08:15 AM,06:07 PM,1,4,6,4,18,2,70,0.0,1010,5,10,249,11,"trenton,nj"
2018-01-24 00:00:00,6,0,0.0,5.0,2,49,12:24 PM,12:41 AM,08:14 AM,06:08 PM,1,4,6,4,12,2,72,0.0,1010,4,10,232,8,"trenton,nj"
2018-01-24 01:00:00,6,0,0.0,5.0,2,49,12:24 PM,12:41 AM,08:14 AM,06:08 PM,1,3,5,3,18,8,72,0.0,1010,4,10,242,11,"trenton,nj"
2018-01-24 02:00:00,6,0,0.0,5.0,2,49,12:24 PM,12:41 AM,08:14 AM,06:08 PM,0,2,5,2,24,13,73,0.0,1011,4,10,252,13,"trenton,nj"
2018-01-24 03:00:00,6,0,0.0,5.0,2,49,12:24 PM,12:41 AM,08:14 AM,06:08 PM,-0,1,4,1,29,18,73,0.0,1012,4,10,262,16,"trenton,nj"
2018-01-24 04:00:00,6,0,0.0,5.0,2,49,12:24 PM,12:41 AM,08:14 AM,06:08 PM,-0,1,4,1,27,30,73,0.0,1012,4,10,266,15,"trenton,nj"
2018-01-24 05:00:00,6,0,0.0,5.0,2,49,12:24 PM,12:41 AM,08:14 AM,06:08 PM,-1,1,4,1,24,41,73,0.0,1013,4,10,269,13,"trenton,nj"
2018-01-24 06:00:00,6,0,0.0,5.0,2,49,12:24 PM,12:41 AM,08:14 AM,06:08 PM,-1,1,4,1,22,52,72,0.0,1014,3,10,273,11,"trenton,nj"
2018-01-24 07:00:00,6,0,0.0,5.0,2,49,12:24 PM,12:41 AM,08:14 AM,06:08 PM,-2,1,4,1,24,63,66,0.0,1014,4,10,282,15,"trenton,nj"
2018-01-24 08:00:00,6,0,0.0,5.0,2,49,12:24 PM,12:41 AM,08:14 AM,06:08 PM,-3,1,4,1,27,74,60,0.0,1015,4,10,292,18,"trenton,nj"
2018-01-24 09:00:00,6,0,0.0,5.0,2,49,12:24 PM,12:41 AM,08:14 AM,06:08 PM,-4,1,5,1,29,85,54,0.0,1016,5,10,301,22,"trenton,nj"
2018-01-24 10:00:00,6,0,0.0,5.0,2,49,12:24 PM,12:41 AM,08:14 AM,06:08 PM,-4,1,5,1,27,89,52,0.0,1016,5,10,302,20,"trenton,nj"
2018-01-24 11:00:00,6,0,0.0,5.0,2,49,12:24 PM,12:41 AM,08:14 AM,06:08 PM,-4,2,5,2,24,93,51,0.0,1016,5,10,302,19,"trenton,nj"
2018-01-24 12:00:00,6,0,0.0,5.0,2,49,12:24 PM,12:41 AM,08:14 AM,06:08 PM,-4,2,6,2,21,96,50,0.0,1016,6,10,302,18,"trenton,nj"
2018-01-24 13:00:00,6,0,0.0,5.0,2,49,12:24 PM,12:41 AM,08:14 AM,06:08 PM,-4,2,5,2,22,95,50,0.0,1017,5,10,303,18,"trenton,nj"
2018-01-24 14:00:00,6,0,0.0,5.0,2,49,12:24 PM,12:41 AM,08:14 AM,06:08 PM,-5,1,5,1,23,94,50,0.0,1017,5,10,304,18,"trenton,nj"
2018-01-24 15:00:00,6,0,0.0,5.0,2,49,12:24 PM,12:41 AM,08:14 AM,06:08 PM,-5,0,4,0,24,93,50,0.0,1018,4,10,305,18,"trenton,nj"
2018-01-24 16:00:00,6,0,0.0,5.0,2,49,12:24 PM,12:41 AM,08:14 AM,06:08 PM,-6,-1,3,-1,23,93,52,0.0,1019,3,10,306,16,"trenton,nj"
2018-01-24 17:00:00,6,0,0.0,5.0,2,49,12:24 PM,12:41 AM,08:14 AM,06:08 PM,-6,-1,2,-1,21,93,54,0.0,1019,2,10,308,15,"trenton,nj"
2018-01-24 18:00:00,6,0,0.0,5.0,2,49,12:24 PM,12:41 AM,08:14 AM,06:08 PM,-6,-2,1,-2,20,93,56,0.0,1020,1,10,310,13,"trenton,nj"
2018-01-24 19:00:00,6,0,0.0,5.0,2,49,12:24 PM,12:41 AM,08:14 AM,06:08 PM,-7,-3,1,-3,19,89,56,0.0,1021,1,10,311,13,"trenton,nj"
2018-01-24 20:00:00,6,0,0.0,5.0,2,49,12:24 PM,12:41 AM,08:14 AM,06:08 PM,-7,-3,1,-3,19,84,56,0.0,1021,1,10,312,12,"trenton,nj"
2018-01-24 21:00:00,6,0,0.0,5.0,2,49,12:24 PM,12:41 AM,08:14 AM,06:08 PM,-8,-3,0,-3,18,79,56,0.0,1022,0,10,313,12,"trenton,nj"
2018-01-24 22:00:00,6,0,0.0,5.0,2,49,12:24 PM,12:41 AM,08:14 AM,06:08 PM,-8,-4,-0,-4,18,74,57,0.0,1022,-0,10,323,12,"trenton,nj"
2018-01-24 23:00:00,6,0,0.0,5.0,2,49,12:24 PM,12:41 AM,08:14 AM,06:08 PM,-8,-5,-1,-5,17,68,59,0.0,1022,-1,10,332,11,"trenton,nj"
2018-01-25 00:00:00,1,-3,0.0,10.0,1,57,12:59 PM,01:47 AM,08:14 AM,06:09 PM,-8,-5,-1,-5,16,63,61,0.0,1023,-2,10,341,11,"trenton,nj"
2018-01-25 01:00:00,1,-3,0.0,10.0,1,57,12:59 PM,01:47 AM,08:14 AM,06:09 PM,-9,-6,-2,-6,17,56,57,0.0,1023,-2,10,339,11,"trenton,nj"
2018-01-25 02:00:00,1,-3,0.0,10.0,1,57,12:59 PM,01:47 AM,08:14 AM,06:09 PM,-10,-6,-2,-6,18,50,54,0.0,1024,-2,10,336,12,"trenton,nj"
2018-01-25 03:00:00,1,-3,0.0,10.0,1,57,12:59 PM,01:47 AM,08:14 AM,06:09 PM,-11,-7,-2,-7,18,43,50,0.0,1025,-2,10,334,13,"trenton,nj"
2018-01-25 04:00:00,1,-3,0.0,10.0,1,57,12:59 PM,01:47 AM,08:14 AM,06:09 PM,-12,-7,-3,-7,17,62,47,0.0,1026,-3,10,332,12,"trenton,nj"
2018-01-25 05:00:00,1,-3,0.0,10.0,1,57,12:59 PM,01:47 AM,08:14 AM,06:09 PM,-13,-7,-3,-7,16,81,45,0.0,1027,-3,10,329,12,"trenton,nj"
2018-01-25 06:00:00,1,-3,0.0,10.0,1,57,12:59 PM,01:47 AM,08:14 AM,06:09 PM,-14,-8,-3,-8,15,100,42,0.0,1028,-3,10,327,12,"trenton,nj"
2018-01-25 07:00:00,1,-3,0.0,10.0,1,57,12:59 PM,01:47 AM,08:14 AM,06:09 PM,-14,-7,-3,-7,17,72,40,0.0,1028,-3,10,325,14,"trenton,nj"
2018-01-25 08:00:00,1,-3,0.0,10.0,1,57,12:59 PM,01:47 AM,08:14 AM,06:09 PM,-14,-7,-2,-7,19,44,39,0.0,1029,-2,10,323,16,"trenton,nj"
2018-01-25 09:00:00,1,-3,0.0,10.0,1,57,12:59 PM,01:47 AM,08:14 AM,06:09 PM,-14,-7,-1,-7,21,16,38,0.0,1030,-1,10,322,18,"trenton,nj"
2018-01-25 10:00:00,1,-3,0.0,10.0,1,57,12:59 PM,01:47 AM,08:14 AM,06:09 PM,-14,-5,-0,-5,19,13,34,0.0,1030,-0,10,318,16,"trenton,nj"
2018-01-25 11:00:00,1,-3,0.0,10.0,1,57,12:59 PM,01:47 AM,08:14 AM,06:09 PM,-15,-4,0,-4,18,10,31,0.0,1030,0,10,315,15,"trenton,nj"
2018-01-25 12:00:00,1,-3,0.0,10.0,1,57,12:59 PM,01:47 AM,08:14 AM,06:09 PM,-15,-3,1,-3,16,7,28,0.0,1031,1,10,312,14,"trenton,nj"
2018-01-25 13:00:00,1,-3,0.0,10.0,1,57,12:59 PM,01:47 AM,08:14 AM,06:09 PM,-15,-3,1,-3,17,5,28,0.0,1031,1,10,310,14,"trenton,nj"
2018-01-25 14:00:00,1,-3,0.0,10.0,1,57,12:59 PM,01:47 AM,08:14 AM,06:09 PM,-15,-3,1,-3,17,4,28,0.0,1032,1,10,309,14,"trenton,nj"
2018-01-25 15:00:00,1,-3,0.0,10.0,1,57,12:59 PM,01:47 AM,08:14 AM,06:09 PM,-15,-3,1,-3,17,2,28,0.0,1032,1,10,307,14,"trenton,nj"
2018-01-25 16:00:00,1,-3,0.0,10.0,1,57,12:59 PM,01:47 AM,08:14 AM,06:09 PM,-14,-2,1,-2,14,2,32,0.0,1033,0,10,300,11,"trenton,nj"
2018-01-25 17:00:00,1,-3,0.0,10.0,1,57,12:59 PM,01:47 AM,08:14 AM,06:09 PM,-13,-1,1,-1,10,3,35,0.0,1033,-0,10,294,7,"trenton,nj"
2018-01-25 18:00:00,1,-3,0.0,10.0,1,57,12:59 PM,01:47 AM,08:14 AM,06:09 PM,-12,-1,1,-1,6,3,39,0.0,1034,-1,10,287,4,"trenton,nj"
2018-01-25 19:00:00,1,-3,0.0,10.0,1,57,12:59 PM,01:47 AM,08:14 AM,06:09 PM,-12,-1,0,-1,6,3,39,0.0,1035,-1,10,298,5,"trenton,nj"
2018-01-25 20:00:00,1,-3,0.0,10.0,1,57,12:59 PM,01:47 AM,08:14 AM,06:09 PM,-12,-1,0,-1,7,4,39,0.0,1035,-1,10,308,5,"trenton,nj"
2018-01-25 21:00:00,1,-3,0.0,10.0,1,57,12:59 PM,01:47 AM,08:14 AM,06:09 PM,-12,-2,-0,-2,7,4,39,0.0,1036,-1,10,318,5,"trenton,nj"
2018-01-25 22:00:00,1,-3,0.0,10.0,1,57,12:59 PM,01:47 AM,08:14 AM,06:09 PM,-13,-2,-0,-2,6,7,39,0.0,1036,-1,10,216,4,"trenton,nj"
2018-01-25 23:00:00,1,-3,0.0,10.0,1,57,12:59 PM,01:47 AM,08:14 AM,06:09 PM,-13,-1,-0,-1,5,10,38,0.0,1036,-2,10,115,4,"trenton,nj"
2018-01-26 00:00:00,4,-2,0.0,10.0,2,64,01:39 PM,02:54 AM,08:13 AM,06:10 PM,-13,-1,-0,-1,4,14,38,0.0,1037,-2,10,14,3,"trenton,nj"
2018-01-26 01:00:00,4,-2,0.0,10.0,2,64,01:39 PM,02:54 AM,08:13 AM,06:10 PM,-13,-1,-0,-1,4,13,37,0.0,1037,-2,10,112,3,"trenton,nj"
2018-01-26 02:00:00,4,-2,0.0,10.0,2,64,01:39 PM,02:54 AM,08:13 AM,06:10 PM,-13,-1,-0,-1,3,13,37,0.0,1037,-2,10,210,3,"trenton,nj"
2018-01-26 03:00:00,4,-2,0.0,10.0,2,64,01:39 PM,02:54 AM,08:13 AM,06:10 PM,-14,-1,-1,-1,3,12,36,0.0,1038,-2,10,308,3,"trenton,nj"
2018-01-26 04:00:00,4,-2,0.0,10.0,2,64,01:39 PM,02:54 AM,08:13 AM,06:10 PM,-13,-1,-1,-1,3,12,38,0.0,1038,-2,10,213,3,"trenton,nj"
2018-01-26 05:00:00,4,-2,0.0,10.0,2,64,01:39 PM,02:54 AM,08:13 AM,06:10 PM,-13,-1,-1,-1,3,12,39,0.0,1039,-2,10,119,3,"trenton,nj"
2018-01-26 06:00:00,4,-2,0.0,10.0,2,64,01:39 PM,02:54 AM,08:13 AM,06:10 PM,-13,-1,-1,-1,3,12,40,0.0,1040,-2,10,24,3,"trenton,nj"
2018-01-26 07:00:00,4,-2,0.0,10.0,2,64,01:39 PM,02:54 AM,08:13 AM,06:10 PM,-13,-0,0,-0,4,10,37,0.0,1040,-1,10,50,3,"trenton,nj"
2018-01-26 08:00:00,4,-2,0.0,10.0,2,64,01:39 PM,02:54 AM,08:13 AM,06:10 PM,-13,1,1,1,4,8,34,0.0,1041,-0,10,76,4,"trenton,nj"
2018-01-26 09:00:00,4,-2,0.0,10.0,2,64,01:39 PM,02:54 AM,08:13 AM,06:10 PM,-13,1,2,1,5,6,32,0.0,1041,1,10,102,4,"trenton,nj"
2018-01-26 10:00:00,4,-2,0.0,10.0,2,64,01:39 PM,02:54 AM,08:13 AM,06:10 PM,-12,2,3,2,5,7,32,0.0,1040,2,10,131,4,"trenton,nj"
2018-01-26 11:00:00,4,-2,0.0,10.0,2,64,01:39 PM,02:54 AM,08:13 AM,06:10 PM,-11,4,4,4,5,7,31,0.0,1040,3,10,160,4,"trenton,nj"
2018-01-26 12:00:00,4,-2,0.0,10.0,2,64,01:39 PM,02:54 AM,08:13 AM,06:10 PM,-10,5,5,5,5,8,31,0.0,1039,4,10,189,4,"trenton,nj"
2018-01-26 13:00:00,4,-2,0.0,10.0,2,64,01:39 PM,02:54 AM,08:13 AM,06:10 PM,-9,4,5,4,6,7,34,0.0,1039,4,10,181,5,"trenton,nj"
2018-01-26 14:00:00,4,-2,0.0,10.0,2,64,01:39 PM,02:54 AM,08:13 AM,06:10 PM,-9,4,5,4,7,7,37,0.0,1039,4,10,172,6,"trenton,nj"
2018-01-26 15:00:00,4,-2,0.0,10.0,2,64,01:39 PM,02:54 AM,08:13 AM,06:10 PM,-8,3,5,3,8,6,40,0.0,1038,3,10,164,6,"trenton,nj"
2018-01-26 16:00:00,4,-2,0.0,10.0,2,64,01:39 PM,02:54 AM,08:13 AM,06:10 PM,-7,1,3,1,10,11,47,0.0,1038,2,10,169,7,"trenton,nj"
2018-01-26 17:00:00,4,-2,0.0,10.0,2,64,01:39 PM,02:54 AM,08:13 AM,06:10 PM,-7,-1,2,-1,12,17,53,0.0,1038,1,10,173,7,"trenton,nj"
2018-01-26 18:00:00,4,-2,0.0,10.0,2,64,01:39 PM,02:54 AM,08:13 AM,06:10 PM,-7,-2,0,-2,14,22,59,0.0,1039,-0,10,178,8,"trenton,nj"
2018-01-26 19:00:00,4,-2,0.0,10.0,2,64,01:39 PM,02:54 AM,08:13 AM,06:10 PM,-6,-3,0,-3,14,21,62,0.0,1038,-0,10,176,8,"trenton,nj"
2018-01-26 20:00:00,4,-2,0.0,10.0,2,64,01:39 PM,02:54 AM,08:13 AM,06:10 PM,-6,-3,-0,-3,15,21,65,0.0,1038,-0,10,175,8,"trenton,nj"
2018-01-26 21:00:00,4,-2,0.0,10.0,2,64,01:39 PM,02:54 AM,08:13 AM,06:10 PM,-5,-3,-0,-3,15,21,68,0.0,1038,-1,10,174,8,"trenton,nj"
2018-01-26 22:00:00,4,-2,0.0,10.0,2,64,01:39 PM,02:54 AM,08:13 AM,06:10 PM,-4,-2,1,-2,14,14,72,0.0,1037,-0,10,177,8,"trenton,nj"
2018-01-26 23:00:00,4,-2,0.0,10.0,2,64,01:39 PM,02:54 AM,08:13 AM,06:10 PM,-3,-1,1,-1,13,7,75,0.0,1037,-0,10,180,9,"trenton,nj"
2018-01-27 00:00:00,12,-0,0.0,10.0,3,71,02:24 PM,04:02 AM,08:12 AM,06:12 PM,-1,-1,2,-1,11,0,79,0.0,1036,-0,10,183,9,"trenton,nj"
2018-01-27 01:00:00,12,-0,0.0,10.0,3,71,02:24 PM,04:02 AM,08:12 AM,06:12 PM,-1,-1,2,-1,13,0,81,0.0,1036,-0,10,188,9,"trenton,nj"
2018-01-27 02:00:00,12,-0,0.0,10.0,3,71,02:24 PM,04:02 AM,08:12 AM,06:12 PM,-1,-1,2,-1,15,0,82,0.0,1035,-0,10,192,10,"trenton,nj"
2018-01-27 03:00:00,12,-0,0.0,10.0,3,71,02:24 PM,04:02 AM,08:12 AM,06:12 PM,-1,-2,1,-2,17,0,84,0.0,1035,0,10,197,11,"trenton,nj"
2018-01-27 04:00:00,12,-0,0.0,10.0,3,71,02:24 PM,04:02 AM,08:12 AM,06:12 PM,-1,-1,2,-1,16,0,84,0.0,1035,0,10,198,10,"trenton,nj"
2018-01-27 05:00:00,12,-0,0.0,10.0,3,71,02:24 PM,04:02 AM,08:12 AM,06:12 PM,-0,-1,2,-1,15,0,84,0.0,1034,0,10,200,10,"trenton,nj"
2018-01-27 06:00:00,12,-0,0.0,10.0,3,71,02:24 PM,04:02 AM,08:12 AM,06:12 PM,-0,-0,2,-0,14,0,84,0.0,1034,0,10,201,9,"trenton,nj"
2018-01-27 07:00:00,12,-0,0.0,10.0,3,71,02:24 PM,04:02 AM,08:12 AM,06:12 PM,-1,1,4,1,20,4,74,0.0,1034,3,10,207,13,"trenton,nj"
2018-01-27 08:00:00,12,-0,0.0,10.0,3,71,02:24 PM,04:02 AM,08:12 AM,06:12 PM,-1,2,6,2,25,7,64,0.0,1033,5,10,214,16,"trenton,nj"
2018-01-27 09:00:00,12,-0,0.0,10.0,3,71,02:24 PM,04:02 AM,08:12 AM,06:12 PM,-2,4,7,4,30,10,53,0.0,1033,7,10,220,20,"trenton,nj"
2018-01-27 10:00:00,12,-0,0.0,10.0,3,71,02:24 PM,04:02 AM,08:12 AM,06:12 PM,0,6,9,6,29,10,56,0.0,1032,9,10,221,20,"trenton,nj"
2018-01-27 11:00:00,12,-0,0.0,10.0,3,71,02:24 PM,04:02 AM,08:12 AM,06:12 PM,3,8,10,8,28,10,58,0.0,1031,10,10,221,19,"trenton,nj"
2018-01-27 12:00:00,12,-0,0.0,10.0,3,71,02:24 PM,04:02 AM,08:12 AM,06:12 PM,5,10,12,10,27,11,60,0.0,1030,12,10,222,19,"trenton,nj"
2018-01-27 13:00:00,12,-0,0.0,10.0,3,71,02:24 PM,04:02 AM,08:12 AM,06:12 PM,5,10,12,10,28,9,64,0.0,1029,12,10,216,18,"trenton,nj"
2018-01-27 14:00:00,12,-0,0.0,10.0,3,71,02:24 PM,04:02 AM,08:12 AM,06:12 PM,6,9,11,9,28,7,68,0.0,1029,11,10,211,17,"trenton,nj"
2018-01-27 15:00:00,12,-0,0.0,10.0,3,71,02:24 PM,04:02 AM,08:12 AM,06:12 PM,6,9,11,9,28,5,72,0.0,1028,11,10,206,16,"trenton,nj"
2018-01-27 16:00:00,12,-0,0.0,10.0,3,71,02:24 PM,04:02 AM,08:12 AM,06:12 PM,6,8,10,8,27,36,75,0.0,1027,10,10,202,14,"trenton,nj"
2018-01-27 17:00:00,12,-0,0.0,10.0,3,71,02:24 PM,04:02 AM,08:12 AM,06:12 PM,6,7,9,7,26,68,78,0.0,1027,9,10,198,13,"trenton,nj"
2018-01-27 18:00:00,12,-0,0.0,10.0,3,71,02:24 PM,04:02 AM,08:12 AM,06:12 PM,6,7,9,7,24,100,81,0.0,1026,9,10,193,12,"trenton,nj"
2018-01-27 19:00:00,12,-0,0.0,10.0,3,71,02:24 PM,04:02 AM,08:12 AM,06:12 PM,6,7,9,7,28,77,80,0.0,1026,9,10,198,14,"trenton,nj"
2018-01-27 20:00:00,12,-0,0.0,10.0,3,71,02:24 PM,04:02 AM,08:12 AM,06:12 PM,6,7,9,7,32,54,79,0.0,1026,9,10,202,16,"trenton,nj"
2018-01-27 21:00:00,12,-0,0.0,10.0,3,71,02:24 PM,04:02 AM,08:12 AM,06:12 PM,6,7,10,7,36,32,77,0.0,1026,10,10,207,18,"trenton,nj"
2018-01-27 22:00:00,12,-0,0.0,10.0,3,71,02:24 PM,04:02 AM,08:12 AM,06:12 PM,7,8,10,8,33,55,80,0.0,1026,10,10,209,17,"trenton,nj"
2018-01-27 23:00:00,12,-0,0.0,10.0,3,71,02:24 PM,04:02 AM,08:12 AM,06:12 PM,7,8,10,8,30,77,82,0.0,1025,10,10,211,16,"trenton,nj"
2018-01-28 00:00:00,10,7,0.0,5.0,2,78,03:18 PM,05:11 AM,08:11 AM,06:13 PM,8,8,10,8,28,100,84,0.0,1025,10,10,213,15,"trenton,nj"
2018-01-28 01:00:00,10,7,0.0,5.0,2,78,03:18 PM,05:11 AM,08:11 AM,06:13 PM,8,8,10,8,28,100,87,0.0,1025,10,7,216,15,"trenton,nj"
2018-01-28 02:00:00,10,7,0.0,5.0,2,78,03:18 PM,05:11 AM,08:11 AM,06:13 PM,9,8,10,8,28,100,91,0.1,1025,10,5,220,15,"trenton,nj"
2018-01-28 03:00:00,10,7,0.0,5.0,2,78,03:18 PM,05:11 AM,08:11 AM,06:13 PM,9,8,10,8,28,100,94,0.2,1025,10,2,223,15,"trenton,nj"
2018-01-28 04:00:00,10,7,0.0,5.0,2,78,03:18 PM,05:11 AM,08:11 AM,06:13 PM,9,8,10,8,22,100,95,0.1,1025,10,1,226,12,"trenton,nj"
2018-01-28 05:00:00,10,7,0.0,5.0,2,78,03:18 PM,05:11 AM,08:11 AM,06:13 PM,9,9,10,9,16,100,96,0.0,1025,9,1,229,9,"trenton,nj"
2018-01-28 06:00:00,10,7,0.0,5.0,2,78,03:18 PM,05:11 AM,08:11 AM,06:13 PM,9,9,10,9,10,100,97,0.0,1025,9,0,233,6,"trenton,nj"
2018-01-28 07:00:00,10,7,0.0,5.0,2,78,03:18 PM,05:11 AM,08:11 AM,06:13 PM,9,9,9,9,10,100,98,0.0,1025,9,2,269,6,"trenton,nj"
2018-01-28 08:00:00,10,7,0.0,5.0,2,78,03:18 PM,05:11 AM,08:11 AM,06:13 PM,9,8,9,8,10,100,98,1.0,1025,9,5,306,6,"trenton,nj"
2018-01-28 09:00:00,10,7,0.0,5.0,2,78,03:18 PM,05:11 AM,08:11 AM,06:13 PM,9,8,9,8,10,100,98,1.3,1025,9,7,342,6,"trenton,nj"
2018-01-28 10:00:00,10,7,0.0,5.0,2,78,03:18 PM,05:11 AM,08:11 AM,06:13 PM,9,9,9,9,8,100,97,0.6,1025,9,5,245,5,"trenton,nj"
2018-01-28 11:00:00,10,7,0.0,5.0,2,78,03:18 PM,05:11 AM,08:11 AM,06:13 PM,9,9,9,9,6,100,96,0.0,1025,9,4,148,4,"trenton,nj"
2018-01-28 12:00:00,10,7,0.0,5.0,2,78,03:18 PM,05:11 AM,08:11 AM,06:13 PM,9,10,10,10,4,100,95,0.0,1025,9,2,51,3,"trenton,nj"
2018-01-28 13:00:00,10,7,0.0,5.0,2,78,03:18 PM,05:11 AM,08:11 AM,06:13 PM,9,9,9,9,5,100,95,0.0,1024,9,4,50,3,"trenton,nj"
2018-01-28 14:00:00,10,7,0.0,5.0,2,78,03:18 PM,05:11 AM,08:11 AM,06:13 PM,9,9,9,9,5,100,96,0.3,1024,9,7,49,3,"trenton,nj"
2018-01-28 15:00:00,10,7,0.0,5.0,2,78,03:18 PM,05:11 AM,08:11 AM,06:13 PM,9,9,9,9,5,100,96,0.4,1024,9,9,48,4,"trenton,nj"
2018-01-28 16:00:00,10,7,0.0,5.0,2,78,03:18 PM,05:11 AM,08:11 AM,06:13 PM,8,9,9,9,6,98,96,0.2,1024,8,7,34,4,"trenton,nj"
2018-01-28 17:00:00,10,7,0.0,5.0,2,78,03:18 PM,05:11 AM,08:11 AM,06:13 PM,8,8,8,8,6,95,97,0.0,1024,8,4,20,4,"trenton,nj"
2018-01-28 18:00:00,10,7,0.0,5.0,2,78,03:18 PM,05:11 AM,08:11 AM,06:13 PM,7,7,8,7,7,93,97,0.0,1024,7,2,7,4,"trenton,nj"
2018-01-28 19:00:00,10,7,0.0,5.0,2,78,03:18 PM,05:11 AM,08:11 AM,06:13 PM,7,7,7,7,9,95,94,0.0,1024,7,5,11,5,"trenton,nj"
2018-01-28 20:00:00,10,7,0.0,5.0,2,78,03:18 PM,05:11 AM,08:11 AM,06:13 PM,6,6,7,6,11,98,92,0.0,1024,7,7,16,6,"trenton,nj"
2018-01-28 21:00:00,10,7,0.0,5.0,2,78,03:18 PM,05:11 AM,08:11 AM,06:13 PM,5,6,7,6,13,100,89,0.0,1024,7,10,20,7,"trenton,nj"
2018-01-28 22:00:00,10,7,0.0,5.0,2,78,03:18 PM,05:11 AM,08:11 AM,06:13 PM,4,5,7,5,13,100,85,0.0,1024,6,10,21,7,"trenton,nj"
2018-01-28 23:00:00,10,7,0.0,5.0,2,78,03:18 PM,05:11 AM,08:11 AM,06:13 PM,3,5,6,5,13,100,81,0.0,1024,6,10,21,7,"trenton,nj"
2018-01-29 00:00:00,6,3,0.7,8.3,1,86,04:19 PM,06:16 AM,08:10 AM,06:14 PM,2,4,6,4,13,100,77,0.0,1024,6,10,22,8,"trenton,nj"
2018-01-29 01:00:00,6,3,0.7,8.3,1,86,04:19 PM,06:16 AM,08:10 AM,06:14 PM,3,4,6,4,15,79,81,0.0,1023,6,10,29,9,"trenton,nj"
2018-01-29 02:00:00,6,3,0.7,8.3,1,86,04:19 PM,06:16 AM,08:10 AM,06:14 PM,3,4,6,4,17,57,85,0.0,1023,6,10,36,10,"trenton,nj"
2018-01-29 03:00:00,6,3,0.7,8.3,1,86,04:19 PM,06:16 AM,08:10 AM,06:14 PM,4,3,6,3,19,36,90,0.0,1023,5,10,44,12,"trenton,nj"
2018-01-29 04:00:00,6,3,0.7,8.3,1,86,04:19 PM,06:16 AM,08:10 AM,06:14 PM,2,2,5,2,19,27,84,0.0,1023,5,10,43,12,"trenton,nj"
2018-01-29 05:00:00,6,3,0.7,8.3,1,86,04:19 PM,06:16 AM,08:10 AM,06:14 PM,1,2,4,2,20,17,78,0.0,1023,4,10,42,12,"trenton,nj"
2018-01-29 06:00:00,6,3,0.7,8.3,1,86,04:19 PM,06:16 AM,08:10 AM,06:14 PM,-1,1,4,1,21,8,72,0.0,1023,4,10,42,13,"trenton,nj"
2018-01-29 07:00:00,6,3,0.7,8.3,1,86,04:19 PM,06:16 AM,08:10 AM,06:14 PM,-1,1,4,1,23,9,67,0.0,1023,4,10,43,15,"trenton,nj"
2018-01-29 08:00:00,6,3,0.7,8.3,1,86,04:19 PM,06:16 AM,08:10 AM,06:14 PM,-2,1,5,1,25,10,63,0.0,1022,5,10,43,17,"trenton,nj"
2018-01-29 09:00:00,6,3,0.7,8.3,1,86,04:19 PM,06:16 AM,08:10 AM,06:14 PM,-2,2,6,2,27,11,58,0.0,1022,5,10,44,19,"trenton,nj"
2018-01-29 10:00:00,6,3,0.7,8.3,1,86,04:19 PM,06:16 AM,08:10 AM,06:14 PM,-1,2,6,2,26,25,61,0.0,1021,5,10,45,19,"trenton,nj"
2018-01-29 11:00:00,6,3,0.7,8.3,1,86,04:19 PM,06:16 AM,08:10 AM,06:14 PM,-1,2,6,2,24,40,64,0.0,1020,6,10,46,18,"trenton,nj"
2018-01-29 12:00:00,6,3,0.7,8.3,1,86,04:19 PM,06:16 AM,08:10 AM,06:14 PM,-0,2,6,2,23,54,67,0.0,1020,6,10,47,17,"trenton,nj"
2018-01-29 13:00:00,6,3,0.7,8.3,1,86,04:19 PM,06:16 AM,08:10 AM,06:14 PM,0,2,5,2,24,67,69,0.0,1019,5,10,49,17,"trenton,nj"
2018-01-29 14:00:00,6,3,0.7,8.3,1,86,04:19 PM,06:16 AM,08:10 AM,06:14 PM,0,1,5,1,24,80,71,0.0,1019,5,10,50,17,"trenton,nj"
2018-01-29 15:00:00,6,3,0.7,8.3,1,86,04:19 PM,06:16 AM,08:10 AM,06:14 PM,0,1,5,1,25,93,73,0.0,1019,5,10,52,18,"trenton,nj"
2018-01-29 16:00:00,6,3,0.7,8.3,1,86,04:19 PM,06:16 AM,08:10 AM,06:14 PM,0,1,5,1,22,88,74,0.0,1018,5,10,50,15,"trenton,nj"
2018-01-29 17:00:00,6,3,0.7,8.3,1,86,04:19 PM,06:16 AM,08:10 AM,06:14 PM,0,1,4,1,19,84,76,0.0,1018,4,10,48,13,"trenton,nj"
2018-01-29 18:00:00,6,3,0.7,8.3,1,86,04:19 PM,06:16 AM,08:10 AM,06:14 PM,0,1,4,1,16,80,77,0.0,1017,4,10,47,10,"trenton,nj"
2018-01-29 19:00:00,6,3,0.7,8.3,1,86,04:19 PM,06:16 AM,08:10 AM,06:14 PM,0,1,4,1,17,87,77,0.0,1017,4,7,43,11,"trenton,nj"
2018-01-29 20:00:00,6,3,0.7,8.3,1,86,04:19 PM,06:16 AM,08:10 AM,06:14 PM,-0,0,3,0,18,93,78,0.3,1017,3,5,40,12,"trenton,nj"
2018-01-29 21:00:00,6,3,0.7,8.3,1,86,04:19 PM,06:16 AM,08:10 AM,06:14 PM,-0,-0,3,-0,19,100,78,0.4,1017,3,2,36,13,"trenton,nj"
2018-01-29 22:00:00,6,3,0.7,8.3,1,86,04:19 PM,06:16 AM,08:10 AM,06:14 PM,-1,-0,3,-0,16,100,79,0.2,1016,2,5,34,11,"trenton,nj"
2018-01-29 23:00:00,6,3,0.7,8.3,1,86,04:19 PM,06:16 AM,08:10 AM,06:14 PM,-1,-0,2,-0,13,100,80,0.0,1016,2,7,32,9,"trenton,nj"
2018-01-30 00:00:00,2,-5,1.7,5.0,1,93,05:28 PM,07:16 AM,08:10 AM,06:15 PM,-1,-0,2,-0,10,99,81,0.0,1015,1,10,30,7,"trenton,nj"
2018-01-30 01:00:00,2,-5,1.7,5.0,1,93,05:28 PM,07:16 AM,08:10 AM,06:15 PM,-1,-1,1,-1,11,100,83,0.0,1015,1,7,25,8,"trenton,nj"
2018-01-30 02:00:00,2,-5,1.7,5.0,1,93,05:28 PM,07:16 AM,08:10 AM,06:15 PM,-1,-2,1,-2,12,100,85,0.3,1015,1,5,19,8,"trenton,nj"
2018-01-30 03:00:00,2,-5,1.7,5.0,1,93,05:28 PM,07:16 AM,08:10 AM,06:15 PM,-1,-3,0,-3,13,100,87,0.4,1015,0,2,13,9,"trenton,nj"
2018-01-30 04:00:00,2,-5,1.7,5.0,1,93,05:28 PM,07:16 AM,08:10 AM,06:15 PM,-2,-2,0,-2,10,100,88,0.2,1015,-0,5,126,7,"trenton,nj"
2018-01-30 05:00:00,2,-5,1.7,5.0,1,93,05:28 PM,07:16 AM,08:10 AM,06:15 PM,-2,-2,0,-2,8,100,89,0.0,1015,-0,7,239,6,"trenton,nj"
2018-01-30 06:00:00,2,-5,1.7,5.0,1,93,05:28 PM,07:16 AM,08:10 AM,06:15 PM,-2,-1,-0,-1,6,100,90,0.0,1015,-1,10,352,4,"trenton,nj"
2018-01-30 07:00:00,2,-5,1.7,5.0,1,93,05:28 PM,07:16 AM,08:10 AM,06:15 PM,-2,-1,0,-1,6,98,86,0.0,1015,-0,8,354,5,"trenton,nj"
2018-01-30 08:00:00,2,-5,1.7,5.0,1,93,05:28 PM,07:16 AM,08:10 AM,06:15 PM,-2,-1,1,-1,7,96,82,0.1,1015,1,7,356,6,"trenton,nj"
2018-01-30 09:00:00,2,-5,1.7,5.0,1,93,05:28 PM,07:16 AM,08:10 AM,06:15 PM,-2,-1,1,-1,8,95,79,0.1,1016,1,5,357,6,"trenton,nj"
2018-01-30 10:00:00,2,-5,1.7,5.0,1,93,05:28 PM,07:16 AM,08:10 AM,06:15 PM,-2,-0,2,-0,8,96,79,0.0,1015,1,7,341,7,"trenton,nj"
2018-01-30 11:00:00,2,-5,1.7,5.0,1,93,05:28 PM,07:16 AM,08:10 AM,06:15 PM,-1,-0,2,-0,9,98,80,0.0,1015,2,8,324,7,"trenton,nj"
2018-01-30 12:00:00,2,-5,1.7,5.0,1,93,05:28 PM,07:16 AM,08:10 AM,06:15 PM,-1,-0,2,-0,9,100,80,0.0,1015,2,10,308,8,"trenton,nj"
2018-01-30 13:00:00,2,-5,1.7,5.0,1,93,05:28 PM,07:16 AM,08:10 AM,06:15 PM,-2,-2,1,-2,16,100,77,0.0,1016,1,7,312,12,"trenton,nj"
2018-01-30 14:00:00,2,-5,1.7,5.0,1,93,05:28 PM,07:16 AM,08:10 AM,06:15 PM,-4,-4,1,-4,23,100,74,0.3,1016,1,5,316,17,"trenton,nj"
2018-01-30 15:00:00,2,-5,1.7,5.0,1,93,05:28 PM,07:16 AM,08:10 AM,06:15 PM,-5,-6,-0,-6,30,100,70,0.4,1017,-0,2,320,22,"trenton,nj"
2018-01-30 16:00:00,2,-5,1.7,5.0,1,93,05:28 PM,07:16 AM,08:10 AM,06:15 PM,-6,-6,-1,-6,29,87,70,0.2,1018,-1,5,320,20,"trenton,nj"
2018-01-30 17:00:00,2,-5,1.7,5.0,1,93,05:28 PM,07:16 AM,08:10 AM,06:15 PM,-7,-7,-2,-7,27,73,69,0.0,1019,-2,7,320,18,"trenton,nj"
2018-01-30 18:00:00,2,-5,1.7,5.0,1,93,05:28 PM,07:16 AM,08:10 AM,06:15 PM,-8,-8,-3,-8,26,60,68,0.0,1020,-3,10,320,15,"trenton,nj"
2018-01-30 19:00:00,2,-5,1.7,5.0,1,93,05:28 PM,07:16 AM,08:10 AM,06:15 PM,-8,-9,-3,-9,27,46,68,0.0,1021,-3,10,320,17,"trenton,nj"
2018-01-30 20:00:00,2,-5,1.7,5.0,1,93,05:28 PM,07:16 AM,08:10 AM,06:15 PM,-9,-10,-4,-10,29,32,67,0.0,1022,-4,10,320,18,"trenton,nj"
2018-01-30 21:00:00,2,-5,1.7,5.0,1,93,05:28 PM,07:16 AM,08:10 AM,06:15 PM,-10,-11,-5,-11,30,18,66,0.0,1023,-5,10,320,19,"trenton,nj"
2018-01-30 22:00:00,2,-5,1.7,5.0,1,93,05:28 PM,07:16 AM,08:10 AM,06:15 PM,-11,-11,-5,-11,26,12,65,0.0,1023,-5,10,320,17,"trenton,nj"
2018-01-30 23:00:00,2,-5,1.7,5.0,1,93,05:28 PM,07:16 AM,08:10 AM,06:15 PM,-11,-12,-6,-12,22,6,64,0.0,1023,-6,10,321,15,"trenton,nj"
2018-01-31 00:00:00,-1,-8,0.0,10.0,2,97,06:39 PM,08:09 AM,08:09 AM,06:16 PM,-12,-12,-6,-12,18,0,63,0.0,1024,-7,10,321,13,"trenton,nj"
2018-01-31 01:00:00,-1,-8,0.0,10.0,2,97,06:39 PM,08:09 AM,08:09 AM,06:16 PM,-13,-13,-7,-13,19,1,63,0.0,1024,-7,10,317,13,"trenton,nj"
2018-01-31 02:00:00,-1,-8,0.0,10.0,2,97,06:39 PM,08:09 AM,08:09 AM,06:16 PM,-13,-13,-7,-13,20,1,62,0.0,1025,-8,10,313,14,"trenton,nj"
2018-01-31 03:00:00,-1,-8,0.0,10.0,2,97,06:39 PM,08:09 AM,08:09 AM,06:16 PM,-14,-14,-8,-14,21,2,62,0.0,1025,-8,10,309,14,"trenton,nj"
2018-01-31 04:00:00,-1,-8,0.0,10.0,2,97,06:39 PM,08:09 AM,08:09 AM,06:16 PM,-14,-14,-8,-14,19,10,62,0.0,1026,-8,10,306,13,"trenton,nj"
2018-01-31 05:00:00,-1,-8,0.0,10.0,2,97,06:39 PM,08:09 AM,08:09 AM,06:16 PM,-14,-13,-8,-13,17,18,62,0.0,1027,-8,10,303,12,"trenton,nj"
2018-01-31 06:00:00,-1,-8,0.0,10.0,2,97,06:39 PM,08:09 AM,08:09 AM,06:16 PM,-14,-13,-8,-13,15,26,62,0.0,1028,-8,10,300,11,"trenton,nj"
2018-01-31 07:00:00,-1,-8,0.0,10.0,2,97,06:39 PM,08:09 AM,08:09 AM,06:16 PM,-14,-12,-7,-12,14,23,58,0.0,1028,-7,10,299,11,"trenton,nj"
2018-01-31 08:00:00,-1,-8,0.0,10.0,2,97,06:39 PM,08:09 AM,08:09 AM,06:16 PM,-13,-10,-6,-10,12,19,55,0.0,1028,-6,10,297,10,"trenton,nj"
2018-01-31 09:00:00,-1,-8,0.0,10.0,2,97,06:39 PM,08:09 AM,08:09 AM,06:16 PM,-13,-9,-5,-9,11,16,51,0.0,1027,-5,10,295,9,"trenton,nj"
2018-01-31 10:00:00,-1,-8,0.0,10.0,2,97,06:39 PM,08:09 AM,08:09 AM,06:16 PM,-12,-7,-3,-7,10,26,50,0.0,1026,-4,10,279,9,"trenton,nj"
2018-01-31 11:00:00,-1,-8,0.0,10.0,2,97,06:39 PM,08:09 AM,08:09 AM,06:16 PM,-11,-5,-2,-5,10,35,49,0.0,1025,-2,10,262,9,"trenton,nj"
2018-01-31 12:00:00,-1,-8,0.0,10.0,2,97,06:39 PM,08:09 AM,08:09 AM,06:16 PM,-11,-4,-1,-4,10,45,47,0.0,1024,-1,10,246,9,"trenton,nj"
2018-01-31 13:00:00,-1,-8,0.0,10.0,2,97,06:39 PM,08:09 AM,08:09 AM,06:16 PM,-10,-4,-1,-4,11,40,49,0.0,1023,-1,10,234,9,"trenton,nj"
2018-01-31 14:00:00,-1,-8,0.0,10.0,2,97,06:39 PM,08:09 AM,08:09 AM,06:16 PM,-9,-4,-1,-4,12,36,51,0.0,1023,-1,10,222,10,"trenton,nj"
2018-01-31 15:00:00,-1,-8,0.0,10.0,2,97,06:39 PM,08:09 AM,08:09 AM,06:16 PM,-9,-4,-0,-4,14,32,52,0.0,1022,-1,10,211,11,"trenton,nj"
2018-01-31 16:00:00,-1,-8,0.0,10.0,2,97,06:39 PM,08:09 AM,08:09 AM,06:16 PM,-9,-5,-1,-5,17,47,56,0.0,1021,-1,10,205,12,"trenton,nj"
2018-01-31 17:00:00,-1,-8,0.0,10.0,2,97,06:39 PM,08:09 AM,08:09 AM,06:16 PM,-9,-6,-2,-6,20,62,60,0.0,1021,-2,10,199,14,"trenton,nj"
2018-01-31 18:00:00,-1,-8,0.0,10.0,2,97,06:39 PM,08:09 AM,08:09 AM,06:16 PM,-8,-7,-3,-7,24,78,64,0.0,1020,-2,10,193,15,"trenton,nj"
2018-01-31 19:00:00,-1,-8,0.0,10.0,2,97,06:39 PM,08:09 AM,08:09 AM,06:16 PM,-9,-7,-2,-7,25,68,58,0.0,1020,-2,10,198,16,"trenton,nj"
2018-01-31 20:00:00,-1,-8,0.0,10.0,2,97,06:39 PM,08:09 AM,08:09 AM,06:16 PM,-10,-7,-2,-7,26,59,53,0.0,1020,-2,10,203,17,"trenton,nj"
2018-01-31 21:00:00,-1,-8,0.0,10.0,2,97,06:39 PM,08:09 AM,08:09 AM,06:16 PM,-11,-6,-1,-6,28,49,47,0.0,1019,-1,10,208,18,"trenton,nj"
2018-01-31 22:00:00,-1,-8,0.0,10.0,2,97,06:39 PM,08:09 AM,08:09 AM,06:16 PM,-10,-5,-1,-5,22,48,52,0.0,1019,-1,10,201,14,"trenton,nj"
2018-01-31 23:00:00,-1,-8,0.0,10.0,2,97,06:39 PM,08:09 AM,08:09 AM,06:16 PM,-8,-4,-1,-4,16,48,57,0.0,1018,-1,10,195,10,"trenton,nj"
